name,style_type,key,node_id,description
Text sm/Bold,TEXT,d5834a1e75c3ed57f8267365c0761a36b3aadda2,1022:10,
Grid tablet,GRID,d7d17cca758a137f1ad223014d08c8946ebbad69,1072:50369,
Shadows/shadow-xs,EFFECT,9923b25687ecc1be2da19a0954975c1796c741a1,3:6,Shadows allow you to add depth and realism to designs by positioning elements on a z-axis.
Shadows/shadow-sm,EFFECT,7c5e7b62d2485fda5359a16e9b2c6fedf7691f92,3:46,Shadows allow you to add depth and realism to designs by positioning elements on a z-axis.
Focus rings/focus-ring-shadow-xs,EFFECT,621916bd3841bf4f684600922dd32cd136687434,1186:100349,"Used for focus states in components that also require a shadow. For example, buttons and tabs."
Backdrop blurs/backdrop-blur-lg,EFFECT,b42d1a41a5d38db0e2cadbfca34037fd26c82fa4,1184:25,Backdrop blurs (or background blurs) allow you to add depth and realism to designs by positioning elements on a z-axis.
Shadows/shadow-md,EFFECT,5fcc40d76ab901e420ab836243c4cca9bf400cd8,3:47,Shadows allow you to add depth and realism to designs by positioning elements on a z-axis.
Focus rings/focus-ring-shadow-sm,EFFECT,7754e413d5a97f996b6dd1e6883a6ca31c51d0bb,1192:305,"Used for focus states in components that also require a shadow. For example, buttons and tabs."
Backdrop blurs/backdrop-blur-md,EFFECT,27595f1a228e478156c5930540b6c18289ae3ba9,1103:64619,Backdrop blurs (or background blurs) allow you to add depth and realism to designs by positioning elements on a z-axis.
Backdrop blurs/backdrop-blur-xl,EFFECT,537b863c74237e5400b07528af4802795a9168da,1590:402187,Backdrop blurs (or background blurs) allow you to add depth and realism to designs by positioning elements on a z-axis.
Focus rings/focus-ring,EFFECT,d19c5e5010a0f9268ea39d6052dfa66d8bf6a663,1187:0,Used for focus states in components. For example toggles and checkboxes.
Shadows/shadow-2xl,EFFECT,5259bb3284c1bb49e0026e8324da95712b10b467,3:50,Shadows allow you to add depth and realism to designs by positioning elements on a z-axis.
Shadows/Portfolio mockups/shadow-overlay-left-lg,EFFECT,0114664443efc683a85d38ee8a22ef72a8f3118c,1595:258505,Used for portfolio mockup layouts.
Text md/Regular,TEXT,235305da045f709160fdf7396f6d61b6c6c05ccc,1:501,
Text sm/Semibold,TEXT,7109bcc89548a404d8c3da74f1e35c25a58b0494,120:2396,
Text xs/Medium,TEXT,e6ac3e9380fa1395f83294d61c7f2031a081af9a,3:1,
Display sm/Bold,TEXT,06259949e4492a86e2ea33838200bd2d9c5abe24,234:9550,
Text xl/Regular,TEXT,a5bb76bce31368f4427bd79db58c6b241a8de5b7,1:503,
Display xl/Regular,TEXT,770bf4f4b664a3c57e57ae0e0706d92a9011cd4a,1:508,
Display sm/Regular,TEXT,1155529d7bd28a8a5064780bff323907613fa484,1:505,
Display xl/Semibold,TEXT,55dc71e1ae795adae24e1d19b56b374be80e54df,1021:31611,
Text xs/Bold,TEXT,536674eac0c1a08c7927f4c90d6145af8c254369,1023:36692,
Text md/Semibold,TEXT,06bfcd22e692ad505eb8951374c6d5caff2e2716,120:2152,
Text xl/Medium,TEXT,59fb05be662d1690d582cbea6ede3ae4f099671e,714:2,
Text lg/Bold,TEXT,5c647e521559475c4d1c83aa807d1186f3cf69b2,231:1341,
Text md/Medium,TEXT,be3bffa6a3764bbd428c60ae031cf102c99f064e,3:56,
Text lg/Semibold,TEXT,00a6df7d8bd65a65907b4cd33a5f11e1d71f90ca,18:2016,
Text md/Bold,TEXT,5ff58b2043dd537ea2b21fadd51177fc6d2327e3,275:14282,
Display lg/Regular,TEXT,b1867b5b81fb5b0fc97a77ba47b124924173bea8,1:507,
Text lg/Medium,TEXT,2989d170fd8f6ea4000de81d78dfd2305de4d040,246:15,
Text xs/Semibold,TEXT,96793be7be6e48bb9735c427bb5de36848da3362,53:1408,
Display xs/Regular,TEXT,31ec60c495fe4256ae4c6d7f39330b68d277db21,1:504,
Text xl/Bold,TEXT,63760a263841c267b183c3a278f241eb2f304c78,253:12303,
Display md/Medium,TEXT,960427d8718d36ae2e2f666190eb0ccaabc28202,1021:31649,
Display 2xl/Regular,TEXT,d7b6ce2e5494773bce5da821438ee392c069552c,1277:668,
Display lg/Bold,TEXT,147b91fe4fda2f03ab2b5fd6ec5ce04946773078,291:167,
Text xl/Semibold,TEXT,e9a9b8dc8f1e5a47eb0d20bac76e68a25da749f5,665:1111,
Display xl/Bold,TEXT,3e643d484ef21304db5dc08300b3f5ef7325ae35,733:63,
Display xs/Bold,TEXT,f41058f4c11390fa2ac2e19d72fb8917e9bdb1c7,243:12501,
Text lg/Regular,TEXT,532688144d6c52e5f981ca66a57ae11f2438c049,1:502,
Display 2xl/Medium,TEXT,6b1db34cada87f9ba85090474538e49003b2e03d,1277:669,
Display lg/Medium,TEXT,121a839b232eacfa99bf39ea5b23f3b63b231ed6,1021:31635,
Display xs/Medium,TEXT,be59c7a721d993c57eb72ac49467f67e610e35f3,1021:31708,
Display 2xl/Bold,TEXT,75a7cdf0f8215ce49cc5ad87169ced053450cd34,1277:671,
Display 2xl/Semibold,TEXT,b13b258c1be92951934f2b5c69c07f44a76d40a5,1277:670,
Display sm/Medium,TEXT,3e0295b1e54eaff82440b2b766df0b7a8535618d,1021:31697,
Purple/25,FILL,832866ad6e67a9609438c602a1d90d8d1d1a37f0,1028:56782,
6 columns (auto),GRID,6cb6936e9ba24265abeaa0a9a7bbe70c7e03019c,1071:7,
Blue dark/300,FILL,17137872248a16b2868b5582c7fcd30eaa93e672,2685:403128,
Gray warm/800,FILL,35b276c6bbbc02c859c55167be18f9227c42cb50,2685:403018,
Avatar user square/Nicolas Wang,FILL,8d5ae596b537b48b700e6fc55cfd3fcb2c1c8b0d,4882:419351,
Blue light/200,FILL,44f751368c3c70c4f1304c5666cf6c31193abd38,1:1073,
Moss/50,FILL,7ce872254de78318b0538df83b4a9e3da3d3e8a3,2685:403021,
Avatar user square/Nicolas Wang (color background),FILL,7583241a292f805683fea29b2e2a0d2b26a10bb4,4882:419352,
Blue light/300,FILL,c6b856faf2eded03a5a8420c2dabbd4b2e0ddac1,1:1074,
Gradient/Gray/900 -> 700 (45deg),FILL,22f47f2d0544196709396b0d795e86d12ad2a2b6,7269:16597,
Gray cool/500,FILL,32f11abafaa95b6eceefd061193cdf8a2e62d518,2685:402959,
Gray (light mode)/800,FILL,fa293cac6ecf8baf3212db67ab4ee9f228940c0d,1:675,
Avatar user square/Harry Bender (color background),FILL,a2949c223f419bdccc3487f749fc97be64a04c2c,4880:419217,
Blue light/800,FILL,1450f9d8b4691aa91a8b0c33d1c035107798a973,1:1079,
Gray (light mode)/700,FILL,a2a43113992be82b2944c736c882749b7fe1f628,1:674,
Avatar user square/Owen Garcia (neutral background),FILL,7b6232f352d887633a652685af56728b5dd30115,4880:419206,
Display xl/Medium,TEXT,7d2eb6345b33ae83bc5a3476c49b81328ac0f858,1021:31612,
Brand/25,FILL,6e76b3533aac68d2ee6858c6a6193006d3f7075c,1028:56780,
Moss/25,FILL,8591cd2007e6445a84aa4fcce12c503bc8185f86,2685:403020,
Avatar user square/Adem Lane (color background),FILL,f9d932d22a4a8bf89515dfe442c21394dd0ab76f,4882:419361,
Orange/200,FILL,0c385d9128608b1c22daaa444067c8447f46e234,1:1021,
Avatar user square/Candice Wu (color background),FILL,2bcb8568e2118976199a94d7e0b12e9175b9b5ae,1794:446952,
Gradient/Linear/58,FILL,cb891195e06a833e2f26beb1e462d93bc97a76a8,4890:414982,
Orange/600,FILL,c8cc638a43c040634cad9610f6c119536555fcea,1:1025,
Orange/800,FILL,4c93637ab6f8ff56ecf6c4afcb25711c14cc0c41,1:1027,
Shadows/shadow-lg,EFFECT,4cb739f7cf3d1044cf1e77fbcd3ccf119638682c,3:48,Shadows allow you to add depth and realism to designs by positioning elements on a z-axis.
Avatar user square/Byron Robertson (color background),FILL,9ce9f8d1d062d2a34270fa2b09d5af14934cd530,4882:419370,
Orange/900,FILL,e3f15f74fe42e263d76657ebabb02fcabe297e48,1:1028,
Shadows/shadow-xl,EFFECT,617ab9578af8eea6d7491c917e18088b29bdc934,3:49,Shadows allow you to add depth and realism to designs by positioning elements on a z-axis.
Avatar user square/Byron Robertson,FILL,56f5124d0090c013d0214ca7f878654d69bbb317,4882:419369,
Gray (light mode)/25,FILL,9f65fe753a5dd6b313221aee18793366941bb5c9,934:14610,
Avatar company logo/Sonorous,FILL,8c15dd914463d4910eb50cb623080b0909cae160,7539:1200,getsonorous.com
Orange/300,FILL,e9b544908b9e03f2e64e410df985dcb275b71662,1:1022,
Orange/400,FILL,3bc3d3b39dd9fe6586a3db2fc2ca0c4711dd4fc9,1:1023,
Gradient/Brand/600 -> 500 (90deg),FILL,471e031dfd75f58ad8e245de3f9a8a1d903b02da,1083:119906,
Avatar user square/Zara Bush (color background),FILL,5fd7ba026756dc67aeb0958400c3afc35af73a9a,4882:419367,
Blue light/50,FILL,c55867e836bd3d17549408044317b031030097b5,1:1071,
Error/900,FILL,4a58db92f943716a6b35c626a69e7857f81526df,1:787,
Orange/500,FILL,1f75e00d64ef81fc216e60cbeb68ace7eb527615,1:1024,
Avatar user square/Rhianna Shepard,FILL,541f5f9d88575ebbfe1b56931cf6e5b2b8b5df86,4882:419372,
Blue light/700,FILL,d7f46b8dad04cf885fc954b1e9745dd6dd7d63c7,1:1078,
Avatar user square/Byron Robertson (neutral background),FILL,fd9f27f3edc4b570fad96b49fd4c788660b33fb1,4882:419371,
Warning/800,FILL,52a09c7c21e9181bab44f42f6b94b73977c71ae0,1:1039,
Blue light/100,FILL,7d895e3d429ece1b494563d95aa43efa393e29d3,1:1072,
Warning/900,FILL,0b65a373323d56f4cabbe60fb34da5c353bdd7f0,1:1040,
Text sm/Medium,TEXT,eddf1f8035dcf77244fb5e1fd0060ca1a6d7498d,3:53,
Avatar user square/Nicola Harris (neutral background),FILL,c96d9399280b2c604481a12bfc42320136765351,4882:419365,
Grid desktop,GRID,3267df4fedefa111ea233f715a705fe4324cf30d,1072:50359,
Blue light/900,FILL,8022a1e94ecd5539d37c43edc21187c9ec2833a0,1:1080,
Gray blue/900,FILL,2ab31f90abd67c9885f7ddfb0f8a767f3f7a250d,1046:8054,
Avatar company logo/Eclipseful,FILL,b4190aa0a9d87ccb80568b5a0691d97f7e0e4e1f,7537:620,eclipseful.com
Blue light/600,FILL,af506798481b3acfd6596d51e46c0cc8ff941232,1:1077,
Gray cool/200,FILL,f629595a8803535d245c2dc47353f0763b3d7bc8,2685:402956,
Gradient/Brand/700 -> 600 (45deg),FILL,e0ee19ec5ed4f1e63de8710b27885d5c9affb208,1130:87995,
Purple/400,FILL,868a4d65922c315eefa2e0aaf3f33a011744173b,1:1085,
Purple/500,FILL,9dfb69562b67dde887f4aa5ed10f6d6db71444b6,1:1086,
Gray (light mode)/400,FILL,1c9f81c0681feee5c18952b850b84a62e925082f,1:671,
Cyan/25,FILL,f46c42482897fe6b6b6af992ac0239c381ef76e5,2685:403064,
Warning/25,FILL,54b82a37741510751dc562e5a6989d29801aaa12,1028:56775,
Gray (light mode)/100,FILL,1bb372348eb0fe35548d45f6a164bd1d234fd203,1:668,
Avatar user square/Elisa Nishikawa (neutral background),FILL,3919db81bd9ecabb7f2b488a2a1e0d07b0c703dc,4880:419212,
Error/25,FILL,d079af89732c0f553d16d227af054efd9c12d502,1028:56773,
Blue dark/50,FILL,995a3adc65b031bcfebfdf4caf0b7f77cc1457ed,2685:403125,
Green light/25,FILL,781dc81a970702d41337701b933a74c2ec3a6776,2685:403031,
Avatar user square/Zaynab Donnelly,FILL,ea12a5b7849023d151410f4c1d64c328c981b79e,4882:419354,
Gray (light mode)/300,FILL,8cbc3a87e927f9282638b304c159ed73c6c0df02,1:670,
Avatar user square/Sienna Hewitt (color background),FILL,ad0495f9b14fcf5acccd9e38465fbfad6a3d0542,4880:419106,
Avatar user portrait/Annie Simmons,FILL,543af340a805974c924667ea70ffdca679346eea,1497:244397,
Teal/900,FILL,b23968013b81f68bc393841617d7101018b13fdd,2685:403063,
Gray (light mode)/500,FILL,9ef8bb27d0194436474f90b2a73fe30a3ce359c4,1:672,
Avatar user square/Sienna Hewitt,FILL,da536b28af86c1e25da3b62baecd992f0c5c4181,4880:419104,
Shadows/Portfolio mockups/shadow-main-centre-lg,EFFECT,11792873c651798af02373c341fcfa29e271466d,1594:263882,Used for portfolio mockup layouts.
Cyan/50,FILL,6b87558136e23c23ad0832f3e734991bcbf4bb28,2685:403065,
Orange/25,FILL,a2a62016ac44baac41897f4209a82a996c541beb,1028:56774,
Orange dark/600,FILL,d4a99ae98f19d3c1139f82c699fb369c459fbc75,2685:403104,
Gray (light mode)/200,FILL,850222c62ce792ca7e534385ae5f5904f0a54cd2,1:669,
Teal/800,FILL,56b2c0320daec2c13202d26f425b08081ef393ee,2685:403062,
Backdrop blurs/backdrop-blur-sm,EFFECT,e4173278caad7b077053a53950598b4050be41e4,1184:19,Backdrop blurs (or background blurs) allow you to add depth and realism to designs by positioning elements on a z-axis.
Gray (light mode)/900,FILL,d214291f26a215ad224b6a6f4b9142ca19ebfef4,1:676,
Gray (light mode)/600,FILL,f525f2cc4e97062471460a5294d27280e01efb65,1:673,
Indigo/25,FILL,9ec5fdf7cbfbd674697b3537202278490af7a01a,1028:56781,
Success/25,FILL,56272275d4c37c5f8e43e642a938a695a9851634,1028:56776,
2 columns (auto),GRID,8323d1ea72061d0f238c67c6ee0280f2bd6ba163,1071:9,
Blue dark/100,FILL,3d2a559a9590e54f383b0708603b5e66fdf2b82b,2685:403126,
Gray (dark mode)/200,FILL,a11e23a2539e4c2f5ed6ec702f28c5d54ec42c7d,6671:351744,
Avatar user square/Bec Ferguson (color background),FILL,89c5b42843a5b82d616ab5747c2d5abebf9fb262,4882:419349,
Gray (light mode)/50,FILL,8d8ed2bc511ebf8d6f51b92784ecb8f114e310aa,1:667,
Avatar user square/Isla Allison (neutral background),FILL,35392ee431c2d96b48db923d39757ab815aba8ea,4880:419209,
Blue light/25,FILL,515baff92c4db30bbee0db37350fd460eb376b01,1028:56779,
5 columns (auto),GRID,001babf88c5847f03bd005db101c5099f9b1278d,1071:10,
Blue dark/200,FILL,ccacd8ce5d006288d7efaa1c06c7e8b03e86fe1a,2685:403127,
Green light/100,FILL,a43164a2b8706766340ebb2e723adc2e1e88272e,2685:403033,
Avatar user square/Zaynab Donnelly (neutral background),FILL,2b0026a1cf7ddbaded96aed8e4674ec400c442fa,4882:419356,
Avatar user square/Phoenix Baker (color background),FILL,55b15ecc9a4b146ebbff6e862d8a2399ad2c57ec,1794:446949,
Gradient/Linear/55,FILL,dfed20fef8e8d838e8001cf75260ef46b018f484,4890:414979,
Avatar user square/Demi Wilkinson (color background),FILL,8380e032ca7671bdd453fba1b1e1e1518ea07e1b,1794:446951,
Gradient/Linear/57,FILL,64ff246e2c00976c48036cefec99e9906cadc7e7,4890:414981,
Avatar user square/Lana Steiner (color background),FILL,abda3ca43f25e4bdeb18d1fdcd99315397babeba,1794:446950,
Gradient/Linear/56,FILL,2ac642d67de34c083fca857043604ad5601bb589,4890:414980,
Avatar user square/Olivia Rhye,FILL,8a40812634130a1119c8e4ade1bece2b5334eb75,18:1953,
Moss/200,FILL,ce834b6b051195e6846ac11c896025563ef71739,2685:403023,
Avatar user square/Adem Lane (neutral background),FILL,12583e2f624508ce406d52d2f396bc726f5d2294,4882:419362,
Blue light/500,FILL,08681755f3c2c30ce204e175c3f215f354732577,1:1076,
Pink/25,FILL,76fa3535a53762a28ce59551e585d7e4c674fde8,1028:56783,
Avatar user square/Aliah Lane (color background),FILL,bf90e7981855776cdcf932e23f38ab9ce5375bc3,1794:446979,
Error/800,FILL,e3150d43ea6fff6b2bc1a34d561fbc24455aaaa8,1:786,
Rosé/800,FILL,6162416f13b2dce5cd995760a7ee5f81410ec91f,253:14299,
Rosé/900,FILL,40510cf11e42b7164921e306eefb18f6ae6c5935,253:14301,
Base/Black,FILL,b2afeefe955fba680f4d7a9bda63ffded4a2e7c5,800:25014,
Avatar user portrait/Nic Davidson,FILL,bee72ebdb85bff216e3f02ebdc91f9fe29197948,1497:244405,
Purple/600,FILL,6587e04fd9371b4013807adb0f49c2ade842fa8a,1:1087,
Gradient/Brand/800 -> 600 (90deg),FILL,1a4e77b1e566793371576cab6a216f36a0f6d04a,1023:36698,
Rosé/25,FILL,29c8b60fcae0962f883a9df6a09ed875a379b54a,1028:56784,
Moss/300,FILL,2350038d37ccce8768fe8f6fcc4fce72e863cbe6,2685:403024,
Avatar user square/Genevieve Mclean,FILL,05157659ce28e12cca73553ea39e5d36cac33d9a,4882:419357,
Display xs/Semibold,TEXT,1f183070d33b20a76b38b42cc094f907018ad7b6,1:1176,
Gray blue/800,FILL,158ff6e5b34362756f2445696928b43940ed9ad1,1029:64035,
Avatar user square/Zara Bush,FILL,07466502bddf036f90800d77c85151719cf9f5a6,4882:419366,
Brand/600,FILL,45c5235e7d40d1ddd12cc0d5b224af8c3fce5bae,1:1097,
Rosé/700,FILL,0875c457c9f7dfeae35f8cefd42b73c4f719dbe2,253:14297,
Blue dark/900,FILL,039536194b95e7019f840ca1c89c566a75019aea,2685:403134,
Avatar user square/Maddison Gillespie (neutral background),FILL,25fc77262b84fefcf25c4043680256bee3d62f2e,4882:419251,
Indigo/900,FILL,b43d7260376e0a51c7b7e6fe8d9d28e1f6fa6470,1:1110,
Avatar user square/Zuzanna Burke,FILL,d41ae4b805be6de222535f4546dbd31b9392b575,4882:419246,
Gray blue/300,FILL,33c40cf4eb26d777bc2d36c5bf25613dc7a5d79c,1029:64040,
Avatar user square/Zara Bush (neutral background),FILL,f6d64dd0f82bf4a6ff1a5517211534978f118290,4882:419368,
Avatar user square/Zaid Schwartz (neutral background),FILL,99ec37313b11fc9f289d3d6056f63d6c1f527d8b,4880:419125,
Brand/800,FILL,304b1cb7f43d89d7678fc317b61b9c5c14ede09f,1:1099,
Rosé/50,FILL,d0a0f4f2ef9178c0d6e1573fac255030707efd69,253:14283,
Avatar user square/Elsie Roy (neutral background),FILL,6b2494cbc1c235860486288a7b6579c8007813fb,4882:419245,
Avatar user square/Lulu Meyers (neutral background),FILL,d21f235ae017726210628c70f9dd602a57791018,4880:419140,
Pink/100,FILL,55b481b380d6470a1f565cc07ecaf813808b7cbb,1:1112,
Gray blue/400,FILL,1b033431fb3aa9f2c0958b1a6b78efc928c4e530,1029:64039,
Indigo/800,FILL,a1d18801ad6814b837fe9d4fd65e02ba17a40f8e,1:1109,
Rosé/100,FILL,8bdbc59a8e78ce4a4d00d2f61675daed9722216b,253:14285,
Avatar user square/Zuzanna Burke (color background),FILL,50f8d967f4bb933b68030aaaec1e15455fc239fa,4882:419247,
Avatar user square/Rhianna Shepard (color background),FILL,e3c1bdae361b04825649f883a3472ac9d350f38e,4882:419373,
Indigo/500,FILL,b0b41f7b03e27a70a4b309f9804c26d8af8d3c1a,1:1106,
Gray blue/200,FILL,c94f6982c6358ff7b35264997e63471624da32b9,1029:64041,
Pink/50,FILL,a677d7a326dc31c97252b02121505a5d568e9310,1:1111,
Rosé/200,FILL,55559d44a317b8702a7c9d31a9dbd651f3e66328,253:14287,
Gray blue/100,FILL,fb168bea72eeccda554e7d9d0a31c257eb95a801,1029:64042,
Avatar user square/Marco Kelly (color background),FILL,8504fb3958fd1941c151d39e86b83d3ce568e40e,4880:419136,
Indigo/700,FILL,84e195b3774317a51605a65e20902919b7b6657e,1:1108,
Gray blue/50,FILL,3af32de8a35adc757f70690be47de57a2618e372,1029:64043,
Avatar user square/Rhianna Shepard (neutral background),FILL,4705540b2c0e0ead1b1059cfff06935f28bd95ef,4882:419374,
Indigo/400,FILL,9c50219701229c7bc7a36632db7a466510c9a561,1:1105,
Rosé/300,FILL,9f4337ae3fff1010cd634e2168c2f2f434f8e07c,253:14289,
Gray blue/25,FILL,66b10ea0f308d4b175d4e3f21e1b115e3cc531ff,1029:64044,
Avatar user square/Nicolas Wang (neutral background),FILL,0100a81856e66145752c882d34c531641f0eedf1,4882:419353,
Avatar user square/Fleur Cook (neutral background),FILL,d3018ae30d288b2e3b095fe8aff0dd6de0179252,4880:419134,
Avatar user square/Fleur Cook (color background),FILL,d68c923f521814fc5020190d2766e85b030362bc,4880:419133,
Focus rings/focus-ring-error,EFFECT,4551a5cd1a4b881f388151e21f717527f9b376fd,1187:1,"Used for destructive or error focus states in components. For example, destructive button links."
Indigo/600,FILL,9a72dfac65aa8f916da65cd5648666d4ef55a139,1:1107,
Avatar user square/Olly Schroeder (color background),FILL,d7fb106e301ab34ec27c6fdd262ab7df728620d7,4880:419115,
Brand/900,FILL,c442623b558b4665f45e9f19b0d9860caaaa502a,1:1100,
Avatar user square/Kaden Scott,FILL,d1b0628175528c3457c623c52faf6f2287903fa3,4882:419252,
Indigo/200,FILL,f78f1d8023220d6ee4d38ee6891d370832352e8c,1:1103,
Rosé/600,FILL,558a63c9fe0aa4175f0395cd5152f057f2212f5b,253:14295,
Blue dark/700,FILL,738a8bf38b6fceb08a398655d01d930adfab3455,2685:403132,
Avatar user square/Maddison Gillespie,FILL,fcbb12da37a844622f3230cf3c4c837228f2d6ff,4882:419249,
Indigo/300,FILL,3d875c1a959af07c6c45fcf8b584240328233e7a,1:1104,
Blue dark/800,FILL,7da00c35507b27a409ccb1bc20a4f89bff4b5015,2685:403133,
Avatar user square/Maxwell Tan,FILL,e77ced725ea6da3a9a0f5126b7ed6f1ca124c6b9,4882:419240,
Brand/700,FILL,843499d59dce610a5a72919a789d3ddeadd6bec5,1:1098,
Avatar user square/Maddison Gillespie (color background),FILL,93c4099a0ced53917c6e1ad6da8dd95c500c32d2,4882:419250,
Brand/50,FILL,6053b79b9348d6b3d160213bbc844afc848c2a98,1:1091,
Rosé/400,FILL,5b62f65a30bb380b21661450d8a1b0ee681c6fd4,253:14291,
Brand/100,FILL,18ba8f2fb6a3c32dabe07514d3f2ca2af0cd45dd,1:1092,
Indigo/50,FILL,5b74f57fdce2b0ee321a70a4de1225b63ad3986d,1:1101,
Rosé/500,FILL,96f9aa7793df7358bf74ee638a4695872b435c88,253:14293,
Blue dark/500,FILL,2b34806528ba1cffa99e14c6558dab16571ee572,2685:403130,
Avatar user square/Kaitlin Hale (neutral background),FILL,0d7ed90fe196b35bedf2cbe8f21104b401e33f16,4882:419239,
Indigo/100,FILL,5c43f67cf41ac8070cbcdf0c02333c764e69f5b0,1:1102,
Blue dark/600,FILL,63796d8c7c30afe603bc72b55e6957c419a57ea2,2685:403131,
Avatar company logo/45 Degrees,FILL,87e8c5aa5614a23a7c67c1b383c5f8f3fe0e91c6,7535:1277,45degrees.com
Purple/300,FILL,4715a47eff93fbc3cc5a7cd4f745b3a284cdadc7,1:1084,
Avatar user square/Kaitlin Hale (color background),FILL,c2ff345382c5dcb549e63b4577468a691e96d80c,4882:419238,
Brand/400,FILL,4fe055b0d14b3994b7467320b3ec89cb97846fb2,1:1095,
Brand/500,FILL,0ac8cc69eac21c7b5f264758b12b6e3efd833dad,1:1096,
Purple/800,FILL,517d1912e49c60b2ca3f9adc24979b4f7418d0ca,1:1089,
Purple/900,FILL,18542037ab7d06337ea619d29aba9c9083369e6c,1:1090,
Purple/200,FILL,bb2532b76de663142db5ea554285060e687c5b35,1:1083,
Brand/200,FILL,7efce3467ae767253e512754183054565445c293,1:1093,
Brand/300,FILL,fc61f12befa1cc271d0dc28b11560926ed3a1179,1:1094,
Purple/700,FILL,211457f0b5358b085f8d2653de023a8cf9277326,1:1088,
Purple/50,FILL,02ba348396cc0d83093f63b1233074d45efe147c,1:1081,
Blue light/400,FILL,07601461c8d2b10de199210520011095d24b401a,1:1075,
Gradient/Brand/900 -> 700 (45deg),FILL,9160a0faa4c4136f616a6d70b612b441faec8087,7269:16598,
Purple/100,FILL,7fd68162af747c54acbb85608b01708b1281826d,1:1082,
Gray blue/500,FILL,ac3cdefe887937e31c2373a68777b4b8e5b5a908,1029:64038,
Avatar user square/Rayhan Zua (color background),FILL,6c85dbcec54256de568293cf6a805030c0d563dc,4882:419340,
Gradient/Gray/700 -> 600 (45deg),FILL,3fc63a20c4f733dec0535594a5dcb7fdf7830236,1272:5916,
Orange/700,FILL,6ddafba8166f0d2116d9fca70410f50db7f42246,1:1026,
Teal/25,FILL,b4fc01132bcfd80a87a740e8a492449b8c7075ec,2685:403053,
Avatar user square/Jordan Burgess,FILL,85a6cdc47f053a7197281b9087b3eee06bd0cb4d,4882:419333,
Avatar user square/Bailey Richards (neutral background),FILL,894fd305c7ab5d512cb077cceff6ffd5055bf94a,4882:419338,
Avatar user square/Rayhan Zua,FILL,842f3afa609fd9a3f490c353e1c6650ed9ed0513,4882:419339,
Avatar user square/Jonathan Kelly (color background),FILL,34ced4bf9bf4abda48780de7b18d8d6b8ad3968c,4882:419232,
Avatar user square/Bailey Richards (color background),FILL,2278d4241debd000fcfb364dba532d867150e245,4882:419337,
Avatar user portrait/Elijah Johnson,FILL,ff3ce4c82212888a53e3ff6302f02dd7da09a5d5,1497:244412,
Avatar user portrait/James Dunn,FILL,eaae46054a2997428248ec1eab23aef58e12c632,1497:244411,
Display lg/Semibold,TEXT,461f604880a230236c4df5f4f149229c9cc6fbbc,1021:31636,
Teal/50,FILL,d8ab55b1a74cc0696d10df4871792c708d63b8c5,2685:403054,
Teal/300,FILL,0abb42ef487dc456b6453e396bc6be23d6464940,2685:403057,
Green/900,FILL,0e2683ac87f18ee629942658b0ec0854a253be49,2685:403052,
Gray cool/50,FILL,c308dba7cd24533826a003db15e34fbf074721bc,2685:402954,
Gray cool/300,FILL,99b7eddaf96e32e6359031bd94cb82b776dd4a30,2685:402957,
Gray modern/300,FILL,919dc2faf15deb08c595519bfdf8c40c7d02d4ce,2685:402968,
Gray cool/100,FILL,82530545fc78170571151dd93d6548f6ac227669,2685:402955,
Avatar user portrait/Mia Ward,FILL,acba9036b2c6d9998d59c573e9fdb3fdbb9cdaec,1497:244390,
Gray modern/100,FILL,e336ee52379f8427f216c22d02db0029163db8c4,2685:402966,
Gray modern/400,FILL,c0875cac285f532ff12924dc192993f18c99afe8,2685:402969,
Avatar user portrait/Amanda Carr,FILL,a072604e39ff44e51631607985e737ee558664f1,1497:244392,
Avatar user portrait/Archie Young,FILL,de6568a8650d6e80a1d7c42adebd2ac68dcd3f5a,1497:244391,
Gray cool/900,FILL,72100427513ae83b85f2afdfc8de1997e0682da9,2685:402963,
Green/700,FILL,1c5d8ac001d7a56216612d9a1f87c1fe6c8ef070,2685:403050,
Teal/100,FILL,dac6de095f7fbaaed3278f1f46f0aa0652500e16,2685:403055,
Gradient/Brand/800 -> 600 (45deg),FILL,22ddd8369aa081e7b36d4cc4aca6c75df410906c,1023:36696,
Avatar user portrait/Mason Phillips,FILL,833540dd3194f9ff9be2f8e261181983af338ecf,1497:244395,
Teal/700,FILL,27357f135cab9d7f03f9f513d46d073385679208,2685:403061,
Avatar user portrait/Zoe Silva,FILL,da9eee45b86293a194e8c3a53f830ffdd629684a,1497:244396,
Gray iron/300,FILL,b34bca7e41ad4f9733d12eff570fc65c3f1f1f99,2685:402991,
Avatar user portrait/Alex Holland,FILL,9978a2d2d59d200665d2d57e185511e3c11de38d,1497:244403,
Avatar user portrait/Abby Smith,FILL,4f264eea1c0cbf795f310c06fe49194edca7c524,1497:244401,
Avatar user portrait/Laura Palmer,FILL,a7796e29008c95c547053455ac006288672ff8b8,1497:244408,
Avatar user square/Olivia Rhye (color background),FILL,5a6b828bf09da4febf8ac678b18cd1f1ad66b804,1794:446948,
Gradient/Linear/20,FILL,ea88a6b098192a17987fc075f22898d0f24d33b8,4890:414946,
Avatar user square/Natali Craig (color background),FILL,b42c4ff3e5d9fcd7faa9d9a3f075563bdc5dd9d7,1794:446953,
Gradient/Linear/09,FILL,ad76c69327a8b18befccc7ca48e71835e6243031,4890:414935,
Gray neutral/500,FILL,3c6def4989b7625b9387c0b6c85d6b480cc949e8,2685:402981,
Avatar user square/Amélie Laurent,FILL,e38c982461e07167c0a252f2f81e6a3f50b1b1a4,4879:419101,
Avatar user square/Drew Cano (color background),FILL,e3f90dffa24ca9dd52938d15b3728b0fab5a0df8,1794:446954,
Gradient/Linear/10,FILL,54495f598579f5185af47a9f99943bc0b272ea77,4890:414936,
Gray neutral/400,FILL,57f74a1534c8c5f3c2c67d9df90b378f56390035,2685:402980,
Avatar user square/Florence Shaw,FILL,faa00a975bff3613ecdea0ef8ae13e0a6434378d,4880:419147,
Avatar user square/Orlando Diggs (color background),FILL,e082e82dc6003043fdf671afee7fd133614d1453,1794:446955,
Gradient/Linear/11,FILL,d4f0dd76ee8142704c003bbc2866c0d027ee2f26,4890:414937,
Avatar user square/Andi Lane (color background),FILL,ef1136e7483f76d9a8f19f80e36347eceef4498c,1794:446956,
Gradient/Linear/12,FILL,c5c4af090388cdeda0ba59518be7c5c23945f4ce,4890:414938,
Avatar user square/Rosalee Melvin,FILL,1c654c88ee1a258584038d3a8dea9c3728dba5fc,1033:643,
Avatar user square/Cohen Lozano (neutral background),FILL,a7b9b0c6be7262a38937f911c20d7dce28517dd7,4880:419203,
Gray neutral/600,FILL,aee1e87864d7ada84f48a8c1028d32ed2758f933,2685:402982,
Avatar user square/Freya Browning (color background),FILL,890cc32f57862b24d4dbe2bccc03aa9e641ef072,4880:419145,
Avatar user square/Kate Morrison (color background),FILL,8e9eef41c27aded398d85833af057ce65c4a67c4,1794:446957,
Gradient/Linear/13,FILL,001f1f997e173306e429b5dd272c78c12dfd4a5b,4890:414939,
Avatar user square/Koray Okumus (color background),FILL,9a88e2f92af83afc24c82f89f3194fa7f43fef38,1794:446958,
Gradient/Linear/14,FILL,209960871bda34af01f44d69ae41944abea5c86a,4890:414940,
Avatar user square/Ava Wright (color background),FILL,fa540e951bd4ba47acba29d411c33e2baa3913df,1794:446959,
Gradient/Linear/15,FILL,ced91cc1409a71cb0c0a4d1121d4f9210648fbfa,4890:414941,
Avatar user square/Eve Leroy (color background),FILL,1fe7bc29a194916b59d0f8bb96018e4b15c60de7,1794:446960,
Gradient/Linear/16,FILL,7e1b3a893894e67958b819e6fde9712bc83c1d18,4890:414942,
Avatar user square/Zahir Mays (color background),FILL,a0fd75e4560b30e16b1f4121317b863841049db7,1794:446961,
Gradient/Linear/35,FILL,e732e71a0ca9292f9c37d033cb066b65dc85de5d,4890:414959,
Screen mockups/Mobile/Mobile dark mode 02,FILL,e9246feeb944857d8a1f02d13ac7778fa4726002,8276:86338,
Gradient/Linear/36,FILL,65a7c6643491afe54a197ce807b86eac9113a4a5,4890:414960,
Screen mockups/MacBook/MacBook light mode 02,FILL,ea2efda7e555c9148c18189fabc5f191b88d543d,8276:86339,
Avatar user square/Joshua Wilson (color background),FILL,cf951972abe7c7abf96aa361bec19c3122de7b67,1794:446962,
Avatar company logo/Interlock,FILL,592f7f481c114ab463b2f7f78151ee1e25ebc1d0,4045:416987,interlock.co.uk
Gradient/Linear/37,FILL,257c9242664cf3c2db3f5c33ebd144c3d0b1e5f1,4890:414961,
Screen mockups/Desktop/Desktop dark mode 02,FILL,838329e42e5165a8888dcd7d80d26041cf61313e,8276:86336,
Avatar user square/Rene Wells (color background),FILL,c91791490b56f2bc24d3bebf94c8be3ed3fe9b48,1794:446963,
Avatar company logo/Biosynthesis,FILL,28390c8af23ef0b40258ee652015e15e4193d308,4045:416986,biosynthesishq.com
Gradient/Linear/38,FILL,76f233f5bfbb1888403d50623012382a2f18011e,4890:414962,
Screen mockups/Mobile/Mobile light mode 02,FILL,f47fec78a08214dd31de615a7b9f26ab683af821,8276:86337,
Avatar user square/Lori Bryson (color background),FILL,1401751e3a11ae6ee4baa05c32ac898e0b7df6d1,1794:446964,
Gradient/Brand/800 -> 700 (26.5deg),FILL,c037fde5bd66a341d2c4a86e4d82e1a78aaa43b8,1083:119905,
Avatar user square/Olivia Rhye (neutral background),FILL,f05e30f3727f6e190b0ec36009980a8ef3c98225,4833:413759,
Avatar user square/Anaiah Whitten (color background),FILL,c88cb82d30934e7454b0af751e26af094798dccf,1794:446965,
Gradient/Linear/05,FILL,715554bc8776f627d25e01aae9f39a8f7b6e4bbc,4890:414931,
Gradient/Linear/06,FILL,17f9566bebdc259ca9b656e80282be634b9ce31f,4890:414932,
Screen mockups/Desktop/Desktop light mode 02,FILL,8a6b9f71463be4c543a0d843e2962507fa2c2918,8276:86335,
Avatar user square/Noah Pierre (color background),FILL,3320a4edfdf3631f2d01941f3285f3fc112d906d,1794:446966,
Avatar company logo/Epicurious,FILL,df56706fad35221bc43c95b73e7c028867a42d43,4045:416983,getepicurious.com
Avatar user square/Katherine Moss (color background),FILL,f4b0ecffe7633bb49b134217f56e73e040f71ec5,1794:446967,
Gradient/Linear/07,FILL,8bdc0e65adfb24c609e6acee4265faf4d874f186,4890:414933,
Avatar user square/Mollie Hall (color background),FILL,08c022afbe9ed56f66ab2c28983ccf72e0218d67,1794:446968,
Gradient/Linear/08,FILL,a9d5a255050a12249cf1eb477cf5555f0304588e,4890:414934,
Error/600,FILL,b06d270995466ce50a6be0cabfaa3ab4b2020fd0,1:784,
Gradient/Linear/26,FILL,717a600d810670a28a01ac91c36a73e51eede6ce,4890:414951,
Avatar user square/Eduard Franz (color background),FILL,d2747b2374bf16e8e5c8c081a41dce9d575a2861,1794:446969,
Avatar company logo/Segment,FILL,10306bd7220a8c473a671002e87b6498b9746db9,4045:416976,getsegment.co
Gradient/Linear/27,FILL,51e059c035eb0ccc2defcda50a0834e5ccba521d,4890:414952,
Error/500,FILL,dad1cb24e6b418e926f1159ceacf78f816067767,1:783,
Avatar user square/Alec Whitten (color background),FILL,83eca7c1c058d899b98adff922b40dab2eea20f6,1794:446970,
Avatar company logo/GlobalBank,FILL,4fb65297b63080e9b866721fc33011723e9eeeb9,4045:416979,globalbank.co.uk
Error/50,FILL,51c67e0aacf9a4afd3ab1f321a66875e54c0e980,1:778,
Gradient/Linear/29,FILL,787ca477cf95ca62bbae148c0a038ae7df3e581e,4890:414953,
Error/400,FILL,e0c4b635d00949069aa7f871b32023bdf83539dc,1:782,
Avatar user square/Eva Bond (color background),FILL,8da6cc4ceb4d6c2bd72e3d28fff043498856e699,1794:446971,
Avatar company logo/Galileo,FILL,fd0d417b705377c04bc8adcd44244fdb41b9f85d,4045:416978,galileo.co
Gradient/Linear/30,FILL,24e14e36810ccbc56d231b9eb999ef91d117178b,4890:414954,
Avatar user square/Sophia Perez (color background),FILL,4f30851295e934ccd98c9c73186eaa4531df0d1e,1794:446972,
Avatar company logo/Alt+Shift,FILL,24cca36be1965aefda8c5698f3b9ae31ab56fc7a,4045:416981,alt-shift.com
Avatar user square/Lyle Kauffman (color background),FILL,8555400f805d55c44957f4a1ad9f4bf803f50c6a,1794:446973,
Gradient/Linear/31,FILL,bed859a1d50dfe7046dc35cee772e81e8aac7edb,4890:414955,
Gradient/Linear/32,FILL,05ad20f60a0c02fd4d9b304c338449d572e7064e,4890:414956,
Avatar user square/Kelly Williams (color background),FILL,5a20770113cb6e102032753ab08eb8198c9f3022,1794:446974,
Avatar company logo/Acme Corp,FILL,554148fe23824a63b3cb6aee942f872b1fbfac30,4045:416975,acmecorp.com
Gradient/Linear/33,FILL,d3ef9d2fd127d553ea138f374965b8baad866b15,4890:414957,
Avatar user square/Lucy Bond (color background),FILL,26fee8f1c67226622537ffd7e12e17158f859b46,1794:446975,
Avatar company logo/Polymath,FILL,86860cb2f4d3703c7d995e5759f9d0a316f10ea6,4045:416974,polymath-ai.com
Error/300,FILL,0cd2993f04d539a28a7da181b1570744eb820cc5,1:781,
Gradient/Linear/34,FILL,54b12ac040a91e70948a1d9015de336b17c68233,4890:414958,
Avatar user square/Alisa Hester (color background),FILL,061eb18ecc610429fb1f9e25dc1a9f3edc56ab57,1794:446976,
Avatar company logo/FeatherDev,FILL,21c4b1d30803b7eecab106a1e12ab3fcddc9e83b,4045:416977,featherdev.ai
Avatar user square/Rosalee Melvin (color background),FILL,e0e84119b01b15a58f668a0e74ac4c2522e08e63,1794:446977,
Avatar user square/Loki Bright (color background),FILL,685ba8d05f2c1a97bb7207efaf6299cc99137867,1794:446978,
Avatar company logo/Spherule,FILL,d171a6ec94f258fdedeb578536d1f1a7e3d2fe1c,4045:416971,spherule.ai
Error/700,FILL,e69e71519ef54c92ac2dba5cf1eb6f0571cfb558,1:785,
Avatar user square/Anita Cruz (color background),FILL,6a419d84b971de3e203617744f8ce7943803a735,1794:446980,
Avatar company logo/FocalPoint,FILL,0d6f7750c162e353083d365de735a1464cd2aa03,4045:416973,focalpoint.com
Gray iron/200,FILL,b3027fd884807870f266d3a50c5f69bb19bc41d6,2685:402990,
Avatar company logo/Nietzsche,FILL,e63ee88dd6c15c98d8f41006d8cbb738417584bc,4045:416982,nietzsche.co.uk
Error/200,FILL,20f1d2e2d6d49b6509905f848bffcb431b4c1e63,1:780,
Gradient/Linear/21,FILL,c5858f6a4ab5e7d7c15ce178d92f0db3ce8520ee,4890:414947,
Avatar user square/Kari Rasmussen (color background),FILL,d1617d020ffedbf23c641888d5f72a5ffa4db091,1794:446981,
Success/900,FILL,415c0e9ea0b1c72211733b6e928daf8083d874e5,1:1050,
Avatar company logo/Lightbox,FILL,aa13532f48f5a13450128eda4ed0439fabd9a0b9,4045:416980,lightboxai.co
Screen mockups/MacBook/MacBook light mode 01,FILL,dbe5c974e909450402d45999a9d770beb908b78c,8275:147486,
Error/100,FILL,1155ebbc4b66edad3f65023a5bf2f167cc694aa1,1:779,
Gradient/Linear/22,FILL,57c115e5801b0ba44b408fa10c6b7cda56cc9d2c,4890:414948,
Avatar user square/Nala Goins (color background),FILL,458f7a1041cf0a1e296ba8cba9084aaeafd0cede,1794:446982,
Grid mobile,GRID,b48dbdf73bf792ad190cc4fc58fc7b49c8ef8c74,1072:50366,
Success/800,FILL,82120b31bdfa1046c5ed99c8a53f6d0b5d3390a0,1:1049,
Cyan/200,FILL,8e0b01da50266b7becf7fb8cf5b21a0ac9e04c59,2685:403067,
Avatar user portrait/Kelly Myer,FILL,684550b6c276c8b53a80c0460fed92ca2bfbbb5d,1497:244407,
Gray (dark mode)/900,FILL,bdcc34160c7c2d4f7312e7f4bfd2d561a2d9475b,6671:386956,
Gray cool/800,FILL,e74d91d2d6c3b7c8f0ec0fa03ef2dbb515ffd828,2685:402962,
Avatar user portrait/Ryan Fox,FILL,3d78b02861806369df0942d451b80842e337618c,1497:244394,
Avatar user portrait/Annie Stanley,FILL,815768cede835368aca330c37b300ed859fdc15b,1497:244388,
Gray iron/400,FILL,069f1ab2d75991118cd3409654ce92fa273cb3fa,2685:402992,
Avatar company logo/Boltshift,FILL,9898bbb37100f50751ea9b0ea0167e192cf0a055,4045:416984,boltshiftdev.com
Gray iron/500,FILL,fa2fc0318ddec2ad84a2b451118faa1ca1546bd5,2685:402993,
Avatar company logo/CloudWatch,FILL,ceb0e348097aafd569a9ba5c142f5759ae2dab4f,4045:416985,cloudwatch.app
Gray warm/900,FILL,56d0a7c9b4019bd9af8ef5e1079a3386bb3ae3cc,2685:403019,
Avatar user square/Bec Ferguson (neutral background),FILL,17ab265e87c9515fed865695ad7caa534e06dfdb,4882:419350,
Moss/100,FILL,0bd0e9659abf7dea80e5c90909a7c9245c0e521f,2685:403022,
Avatar user square/Nicola Harris,FILL,261d93d828c6f814fc4ded76488de085e387dd8a,4882:419363,
Moss/400,FILL,f2a8e53d52f34fcc86ff58f564c6cf3a977304d6,2685:403025,
Avatar user square/Nicola Harris (color background),FILL,8a158702607b4e16cd6f8e569dca81a959232adc,4882:419364,
Green light/200,FILL,675163f9e5723af8c05724b851dee117ea4e9170,2685:403034,
Avatar user portrait/Zachary Collins,FILL,22b3690f45c21c0e80f2858ad9d62e6b5e8f4831,1497:244404,
Avatar user portrait/Isla Anderson,FILL,12ce77a507e910c57e376e42f328aa061f120823,1497:244402,
Green/50,FILL,a4f7479d8191101837fa862394a06000f9f69916,2685:403043,
Avatar user square/Genevieve Mclean (color background),FILL,9f46b8b14bf8dd1e73857a9cbfdf32d16d983874,4882:419358,
Teal/200,FILL,358e5e2ecdfaa95229a6469a7d842a884fc39666,2685:403056,
Cyan/100,FILL,279c7f8f4bca7a6c9cb0735d9e4f6c4b85674810,2685:403066,
Avatar user square/Owen Harding,FILL,4ed5622af9bc267da8cedc9a2e9a80addb41305e,4882:419303,
Avatar user square/Nicolas Trevino (neutral background),FILL,4ee244023d18db5c49f2c9bd25121f5be65fce9d,4882:419302,
Cyan/300,FILL,ca9b7d6ea709a7de7f88c67f672562c30258a0dc,2685:403068,
Avatar user square/Ethan Valdez (color background),FILL,05bee7659826e489ff26e547914e324cdec974f2,4882:419313,
Cyan/400,FILL,4aad7d678597a7698f9be2ba19e295ee67dcbf42,2685:403069,
Avatar user square/Owen Harding (color background),FILL,e955121f43af7270d2bcb81eab09055a1bd18eec,4882:419304,
Cyan/500,FILL,01c824824a9bcaae563a82019d49587bfa1f2c0e,2685:403070,
Avatar user square/Abraham Baker,FILL,5e7dcbca6a579eddd5952ceb53d605fa2f43bd41,4882:419315,
Cyan/600,FILL,74f53e790428043ce73b6077ed27ab49b54a280a,2685:403071,
Avatar user square/Ethan Valdez (neutral background),FILL,917e77de34a6caa3939deb820c0b8c42e24830fa,4882:419314,
Cyan/700,FILL,a406dce4b56184119da88d680ac5f28ccb4f49ce,2685:403072,
Avatar user square/Harriet Rojas,FILL,eb96e5f850b0b2cf69c3b302ed0c0c5e4aa0ccdf,4882:419309,
Cyan/900,FILL,e6d9b57972082002da8883840d5a50bacc5c548c,2685:403074,
Avatar user square/Jackson Reed,FILL,443dbab149054660171228ccb0bad8c5f8f25bda,4882:419327,
Violet/25,FILL,cec7aa2ca582d529a8c1e0fb3c62ba6e85b38bc8,2685:403075,
Gray (dark mode)/25,FILL,f0b5d51bc3e49a81f2a6688faef0c28efdbb3fa2,6671:329478,
Avatar user square/Isobel Fuller (neutral background),FILL,c24381449418d95fefca74f2e7f320e68a90cb08,4882:419326,
Violet/50,FILL,aac528f04efa084307adeefac0dd942c6a659a4f,2685:403076,
Avatar user square/Owen Harding (neutral background),FILL,843fd46b995df2bc23dadaa5c00b77d4d03a17ce,4882:419305,
Violet/100,FILL,df27e52c9717e9352aaa2593b8d960b7fc013ff0,2685:403077,
Avatar user square/Jackson Reed (color background),FILL,83cb44ab43a0b350e60ea5dd03ed2291f2ec5c6c,4882:419328,
Violet/200,FILL,88cf07a61d8e50dc1c514cc5f7cda6e312fc410e,2685:403078,
Avatar user square/Ava Bentley (color background),FILL,d1ff9d1ba55664e9abbe59606363741d12316d08,4882:419307,
Violet/400,FILL,f84f3e6649110660620ecf408b42104386c9c52b,2685:403080,
Avatar user square/Nicolas Trevino (color background),FILL,e2a43cb37ceb52e0b824244cd0b958ad9b737ce6,4882:419301,
Violet/500,FILL,558c4f1522c22436471b63382f65d93f7e234ebc,2685:403081,
Avatar user square/Ava Bentley (neutral background),FILL,c27e38d9a244945d6d21c987aceafb8f5bc3f10c,4882:419308,
Avatar company logo/3Portals,FILL,70fe899b2800b3542f4fbd9bcae9856dc71a0913,7535:1276,3portals.io
Violet/600,FILL,cb10dfb3a4b741bd28d9b18ba04703ac45339277,2685:403082,
Avatar user square/Billie Wright (neutral background),FILL,5af6304aa1183da4fb219a51018ada9f601cb96d,4882:419287,
Violet/700,FILL,502dbb379405029dea8bee74d1aa0de77a6452d6,2685:403083,
Avatar user square/Billie Wright (color background),FILL,54fae9ac5755f0e4351d3e7ad1933de910fac4fd,4882:419286,
Violet/800,FILL,82a2a1630d909308203831388f7707f4268e1a29,2685:403084,
Fuchsia/500,FILL,c1cbbba9abf7000200555de0260ccc5af14671dc,2685:403092,
Avatar user square/Katy Fuller,FILL,8807a1ed4e26666339a158f1acc5e8670f147d1e,4882:419297,
Violet/900,FILL,228c555583efb5430f5b1d6fb51d5afa793ad8e4,2685:403085,
Avatar user square/Madeleine Pitts,FILL,4b20dabb0a9be26a6ff766a98d31ae50b90776f0,4882:419288,
Fuchsia/25,FILL,8194c8e54f49cc0f11a35a7ef45f89a6105c4685,2685:403086,
Avatar user square/Katy Fuller (neutral background),FILL,ed859f3501789786dd2d43788d829cb4312facf0,4882:419299,
Fuchsia/50,FILL,aae2908366573dbd39840e057dd3681a18a2c0d7,2685:403087,
Avatar user square/Katy Fuller (color background),FILL,0f353ae719a5ab5ba6a0aa65c0338cd3e03fe217,4882:419298,
Fuchsia/100,FILL,867e0c49c209b3c3e4ed3dd979a9b5c698df3873,2685:403088,
Avatar company logo/Hourglass,FILL,ccc01670f444051ade5ecce75c3231f8f23b5431,1212:103188,hourglass.app
Avatar user square/Frank Whitaker (neutral background),FILL,cf0578fd54760fdfe8ebebafc6097113f56f621e,4882:419293,
Fuchsia/200,FILL,316e66f19e32ebe0320913c5084bf27fd5a06b03,2685:403089,
Avatar user square/Nicolas Trevino,FILL,384584c06ae8ea9c2381f32cd6101872a99d3dc5,4882:419300,
Fuchsia/300,FILL,2902b56a00ac1824ee779b59fb093fdc04068040,2685:403090,
Avatar user square/Harriet Rojas (neutral background),FILL,fa7d83f926154296e1421629c253a478620da064,4882:419311,
Fuchsia/400,FILL,502488a9f1ba19bb63144ef78e1249f0e2bd025f,2685:403091,
Avatar user square/Harriet Rojas (color background),FILL,906eb4c7c8fbd03eb774fd2bb41ccf5408a88266,4882:419310,
Avatar user square/Madeleine Pitts (color background),FILL,02de01f27c52ccf0060f731765c380e4bd048d51,4882:419289,
Fuchsia/600,FILL,0bf6a2743889bd783ff50983fd691625d421a53f,2685:403093,
Avatar user square/Ethan Valdez,FILL,136b7ed2292a83a535da130847bca9fadee78dfc,4882:419312,
Fuchsia/700,FILL,c277432dfedaf6a00e363be9028743aae85f95ff,2685:403094,
Avatar user square/Frank Whitaker,FILL,cce70b1316b62edcda14b59ddc72bbe85d2ecb0e,4882:419291,
Fuchsia/800,FILL,6c3d67379edee3dcf4db58c56308d2c0f924f3d3,2685:403095,
Avatar user square/Madeleine Pitts (neutral background),FILL,ccdce56c03a10ecd5f1a942dc0239ee24214206f,4882:419290,
Fuchsia/900,FILL,944c71c28f4889acc3730992902187bc153ae146,2685:403096,
Avatar user square/Billie Wright,FILL,9084171d784ecc0776c7ba9115e9f884c9fc2b50,4882:419285,
Orange dark/25,FILL,44c94bffdb9a0f21317eb2926a9f1ec7ec5b5096,2685:403097,
Orange dark/500,FILL,0f3d8ac791db9d35eee90d41cca9f3c17ea2a8fa,2685:403103,
Avatar user square/Frank Whitaker (color background),FILL,61b71feecb031d62c0712e0c792c456401556773,4882:419292,
Orange dark/50,FILL,8b7f47738b3d19299a76c6117afb4e9f993c6403,2685:403098,
Orange dark/100,FILL,3106096738bd1f1a7c29119c408e12191bde93a2,2685:403099,
Orange dark/200,FILL,5eb04deeed0b26996d6b3e728c13838f6f1e6da7,2685:403100,
Orange dark/300,FILL,f4d789ba232c705b004abe79623790f1e6ab4b45,2685:403101,
Orange dark/400,FILL,75932b6a9572c958190a6b5e3de6ee66d6ca0ac4,2685:403102,
Orange dark/700,FILL,0ce639d7bbb93d4d296d4fe34233985f744ff155,2685:403105,
Orange dark/800,FILL,3b98f3de9eeea5ce1bf5e5379f10e86d9ec7f832,2685:403106,
Avatar company logo/Capsule,FILL,b21538e40adbd54ea7ffc5968f15b1d1a34b8c16,1212:103186,getcapsule.com
Avatar user square/Dillan Nguyen (color background),FILL,419be7e243e034981d55ea8007fde02ce524d9bc,4882:419295,
Orange dark/900,FILL,8d76e2d06c48dfa787f197bb09c6a0541b05238a,2685:403107,
Avatar company logo/Command+R,FILL,74565b446b14d0744b1f8219e0cfd9ce891134c7,1212:103189,cmdr.ai
Avatar user square/Dillan Nguyen,FILL,ebecb70827d2d4c95d50ac1b4458bcaf2976d013,4882:419294,
Display md/Semibold,TEXT,7bef728f54d674f9d28fc8c452c0ce7013f5ed28,729:22238,
Yellow/25,FILL,522a32e2145a5eeea34f07a0e2a4927410638b4c,2685:403108,
Yellow/50,FILL,cfc5961b8ee7ca6cd3ea4f82e25153395e31df64,2685:403109,
Avatar company logo/Catalog,FILL,00e90d53428ba91bb055862419bef513e9fc43ef,1212:103187,catalogapp.io
Avatar user square/Dillan Nguyen (neutral background),FILL,1d2d4790d94240c3f272348c54c5f000e755526f,4882:419296,
Yellow/100,FILL,6f1414a592181ad3298f4a6fd3058b4ce81b281b,2685:403110,
Yellow/200,FILL,e12acdb99a5513b71d9982cfb937ea35017d7630,2685:403111,
Yellow/300,FILL,0c083ecf8d9557f0314eec8960b051eb67840fee,2685:403112,
Yellow/400,FILL,5415c5ac00b768016684eae75a6b61962c6f3e28,2685:403113,
Gradient/Linear/23,FILL,bbae7aaf82522ffcc2bc6d8d5b6feb52fd3bcb97,14517:7901,
Blue dark/25,FILL,8b0fae99ec79bfae91e29073a586178fadf83d06,2685:403124,
12 columns (auto),GRID,71ec4e69fd24fef5d289c42a266c08e9f27ba864,1071:8,
Focus rings/focus-ring-shadow-xs-skeuomorphic,EFFECT,60f81490886a486fe15fa4603fab55f9ec3fc2c8,7395:90278,"Used for focus states in components that also require a shadow and a subtle skeuomorphic effect. For example, buttons and tabs.

This can be replaced with focus-ring-shadow-xs if you prefer a flat style."
Blue dark/400,FILL,a6d30bb4a3af1761ece57f461c33ea1ee2ce4f1b,2685:403129,
Shadows/shadow-3xl,EFFECT,c1da759c60061bad67addfd71acd44d7c6ae0640,1296:795,Shadows allow you to add depth and realism to designs by positioning elements on a z-axis.
Avatar company logo/Luminous,FILL,fad6a202be7c35edc9e2a3eac0034ae54edde40f,4045:416972,luminoushq.com
Avatar company logo/Railspeed,FILL,754c722af9e61f9b8c4884228ac426aab8c81882,7539:1192,railspeed.org
Avatar user square/Phoenix Baker (neutral background),FILL,9a644d3bea2fd8920664bed923c6de33684914cc,4835:409883,
Avatar user square/Lana Steiner (neutral background),FILL,96dc9af49f5af06f2a593c86c28497fbaab22766,4835:409884,
Yellow/700,FILL,4ffe1db28e058a92c3f916c8a077f981b42aa52e,2685:403116,
Avatar user square/Drew Cano (neutral background),FILL,d870a79d36f4f723f6854f2c80d68242f618d1c6,4835:409888,
Avatar user square/Natali Craig,FILL,cf1bfa58311c5f34e5f83d06a591eec906f5c6de,1033:619,
Avatar user square/Jaya Willis (color background),FILL,b98a4894b94f37566b1d8be35c33652a5b5e54c6,4880:419163,
Avatar user square/Marco Kelly (neutral background),FILL,5f6c774e824beb5bf157a68a1cbad29d7d09beb7,4880:419137,
Yellow/800,FILL,7f3e19ca683c49d0800c20c28e22c07afd9b1297,2685:403117,
Avatar user square/Orlando Diggs (neutral background),FILL,0a8b819638157f10636f17946a213ab1287b6602,4835:409889,
Avatar user square/Stefan Sears (neutral background),FILL,d248fa1d4b507fd5e34d5d26bea2fa06480a9376,4880:419182,
Avatar user square/Drew Cano,FILL,504d60fe5982590bbf0b58578374d234eed61468,1033:620,
Yellow/500,FILL,143a06cac9bee027e1d024148c25e1ee64fbb074,2685:403114,
Avatar user square/Andi Lane (neutral background),FILL,96dfea203558af2ea97d96553978f387524a8eeb,4835:409890,
Avatar user square/Ava Wright,FILL,3bfa2df814ec65cc9d52254f4b9a533ac52cd867,1033:625,
Avatar user square/Stefan Sears (color background),FILL,314a76eb517b7be98882bfb424a6251f51a259d6,4880:419181,
Focus rings/focus-ring-error-shadow-xs,EFFECT,9081be422ddb076c92e12cfaf64489c74cfd3696,1186:100351,"Used for destructive or error focus states in components that also require a shadow. For example, destructive buttons."
Gray iron/50,FILL,7c446c4118e1e62f8f561e82bd4db9a66a26f13d,2685:402988,
Avatar user square/Lulu Meyers (color background),FILL,93653f5c58cf758ae6ff7b62e48ba1b66abe7075,4880:419139,
3 columns (auto),GRID,f016b4fecda2080758ecad0fc9f29dd555936d90,1071:6,
Yellow/600,FILL,c95dc383559ad5ed7043f0258430c2251d38ad75,2685:403115,
Avatar user square/Kate Morrison (neutral background),FILL,f84a96a12f6a5d8adc8cb0d683b7abba9076e13d,4835:409891,
Avatar user square/Eve Leroy,FILL,99978a69cdaae9129fabfb900f0f6990f508a247,1033:626,
Avatar user square/Ali Mahdi (color background),FILL,1a541cf6a3fbb4bb15b9426f1cb6010750f33ffc,4880:419184,
Gray iron/100,FILL,a83752ae80f7ecbd3d1867087b85a7f6fd221813,2685:402989,
Avatar user square/Lily-Rose Chedjou,FILL,668a52503fd758fac2865c80185b65d7f5073e08,4880:419126,
Avatar user square/Koray Okumus (neutral background),FILL,c518163375af2fcaf0c68d6b9ed6f11ca039c93b,4835:409892,
Avatar user square/Ethan Campbell,FILL,73dff4d5d9d9ba9a5b7b82e4930142d10460983b,4880:419159,
Avatar user square/Phoenix Baker,FILL,6db40d3622be6f4b83add69e09c4a00d142e6a9a,1033:615,
Avatar user square/Ava Wright (neutral background),FILL,8e0d0f595052824ee3e53dc1b9db98fce5616492,4835:409893,
Avatar user square/Jaya Willis,FILL,c779f19469298cb217db3cb7354aec843bd1b874,4880:419162,
Avatar user square/Lana Steiner,FILL,5a65b5d6dcefc40683005299384f9ee7182b7f9f,1033:616,
Yellow/900,FILL,afa71618d2256134b9e959188aba56e6c4e64747,2685:403118,
Avatar user square/Eve Leroy (neutral background),FILL,4a02cfe4f586453b8f467174bd7cdd06bac81e42,4835:409894,
Avatar user square/Orlando Diggs,FILL,48e9fe64472afd16694b0002766d686933d46890,1033:621,
Avatar user square/Ethan Campbell (neutral background),FILL,b3288db49cf98ac27da34bf4bc9631f1bd7d5604,4880:419161,
Avatar user square/Marco Kelly,FILL,d58dea4297dac7d1fe8da5f39de964ad4c864b79,4880:419135,
Avatar user square/Zahir Mays (neutral background),FILL,eae4badb4551e7084a91e7ffb0ef2888eb8b493f,4835:409895,
Avatar user square/Andi Lane,FILL,07ce0b212c3e8d53b1ad694d6901d673b03eec9a,1033:622,
Avatar user square/Jaya Willis (neutral background),FILL,8bb550a0db5b50cdb256ac660f8ea6ff7ed57f2a,4880:419164,
Avatar user square/Lulu Meyers,FILL,c12f7ff22f7150f2c13e109ba2dd8a9a93420149,4880:419138,
Gray warm/200,FILL,8c6aef2d4d06e2aeea0acff4f1cd2693418f0bc6,2685:403012,
Avatar user square/Joshua Wilson (neutral background),FILL,d0879f5f8b46a4217b1d4a7f7a97ab9fc52c6f2c,4835:409896,
Avatar user square/Priya Shepard,FILL,6435c16d276b95617392f1ad7ef1697c491affc7,4880:419171,
Gray warm/300,FILL,29f821373013cdce0f5305be70f95fb6a89ccbc5,2685:403013,
Avatar user square/Rene Wells (neutral background),FILL,b60c3237ab02a42e67d28189081e361e011cadeb,4835:409897,
Avatar user square/Adriana O'Sullivan (neutral background),FILL,3d04ffa0299cc01c482820774b626db915100104,4880:419158,
Gray warm/50,FILL,52c9fe22a90b9e2639199b6a59adfa7d6e6d84d3,2685:403010,
Avatar user square/Lori Bryson (neutral background),FILL,4832e6b45cd11aabfdf0c3a712c5bdf1bd73c4d8,4835:409898,
Avatar user square/Adriana O'Sullivan (color background),FILL,7f75c9d7f8bd5db994a559569b74c8c67528143a,4880:419157,
Avatar user square/Demi Wilkinson,FILL,d1303aaa8cb0c5b6946151c2032ea1a3b61b8445,1033:617,
Gray warm/100,FILL,c4f757e346b21de0a45a30da11e93944070bec85,2685:403011,
Avatar user square/Anaiah Whitten (neutral background),FILL,b5cc6adff7fd76a3ab516524ef3314b556e44545,4835:409899,
Avatar user square/Ethan Campbell (color background),FILL,e6932bb07cdf86d3797ad207f8391c9683a13f6a,4880:419160,
Avatar user square/Candice Wu,FILL,1bb1d07c5bfdf5d493d10f63c122caba651b2f08,1033:618,
Gray warm/600,FILL,a27aa2fad9778debe62ad3e639e6414758d4cde4,2685:403016,
Avatar user square/Noah Pierre (neutral background),FILL,a71651b77a8bbcba7c7b7e787f2423903089254b,4835:409900,
Avatar user square/Jessie Meyton (neutral background),FILL,88cb9603972333490b2f77829cca99aa54375a88,4880:419167,
Gray warm/700,FILL,38438026e8b37c89a6ab353e1ddf3ec8774978f1,2685:403017,
Avatar user square/Katherine Moss (neutral background),FILL,96423146b04d781c5f2084ac2394a2c033e83688,4835:409901,
Avatar user square/Hasan Johns (neutral background),FILL,a850ebe8d92299691c0c3328989595bac9f317d9,4880:419170,
Gray warm/400,FILL,9b85803f52dc50df139d2d33d657744c94d5df33,2685:403014,
Avatar user square/Mollie Hall (neutral background),FILL,699f2022177ca428cafcb4a42153ccc5b90518d4,4835:409902,
Avatar user square/Hasan Johns (color background),FILL,6cf49693e67f921ef7b59a500acef9ee5d985c9f,4880:419169,
Gray warm/500,FILL,761a04245e273d9f161329ae20c4a56a030a4787,2685:403015,
Avatar user square/Eduard Franz (neutral background),FILL,3874a840752a439cef62f970a1b513ce34bc4905,4835:409903,
Avatar user square/Priya Shepard (color background),FILL,f6cefe81a24cbd509e1ddc434e1ae031f9908826,4880:419172,
Gray true/500,FILL,9d3f5d56e61a01fc619846a6593a09a6f48e2aff,2685:403004,
Avatar user square/Alec Whitten (neutral background),FILL,773ec1a148a4aa35324118741b9e4d1fb271b091,4835:409904,
Avatar company logo/Sisyphus,FILL,0e2ebe48d4e573deaaab279e983f76ca0dd72423,1212:103185,sisyphus.com
Gray blue/700,FILL,0487dad137948c19cd2d101328725609ba5f6ea5,1029:64036,
Avatar company logo/Layers,FILL,77edbe4442e490b32647fe216cfeb944d1b78c03,1212:103184,getlayers.io
Gray blue/600,FILL,ae212967fa1faf77c8574d744fb27bed6763be4b,1029:64037,
Shadows/Portfolio mockups/shadow-main-centre-md,EFFECT,e39ad35ed98bc94e4c80fd40e3340318772cf2da,1595:260560,Used for portfolio mockup layouts.
Gray true/600,FILL,e405748b6c5df3c9b2611f0eb5d57c39787e38d5,2685:403005,
Avatar user square/Eva Bond (neutral background),FILL,dd6a0905e37bf2c5cf106de72e355e8db3b73a74,4835:409905,
Gray (dark mode)/50,FILL,40d15b53450b1aad7a46ada3cfa57bf9f2add1b3,6671:348009,
Avatar user square/Jessie Meyton (color background),FILL,651ea073d792a108625820b0cdf0fc9ca5774ba8,4880:419166,
Gray true/300,FILL,28f073d531970a053d2ee4ee4eec1889f497ed1a,2685:403002,
Avatar user square/Sophia Perez (neutral background),FILL,26744be06c8288f95c55e67fe08e608e7b416fa4,4835:409906,
Avatar user square/Jessie Meyton,FILL,3f0cdd57c302961f252268c9a9224d4db7772f79,4880:419165,
Gray true/400,FILL,4c0ade69abbbfe0eb53a268182cb052366226684,2685:403003,
Avatar user square/Lyle Kauffman (neutral background),FILL,2152da2bd04241d19ed6109352d4bce8290c5833,4835:409907,
Avatar user square/Hasan Johns,FILL,ee0fd26961f66fb00c00c2bdee659180c17bf75a,4880:419168,
Avatar user square/Sienna Hewitt (neutral background),FILL,7d4bbeb7b7adddc45cc6d532b0ac33ec82f00ca8,4880:419107,
Avatar user square/Ammar Foley (color background),FILL,b3a9d48851ba50553a38874f32827ed28f9f202f,4880:419109,
Avatar user square/Pippa Wilkinson,FILL,f0e5619d8c45bb30727753911bc65347fe24711f,4880:419111,
Avatar user square/Pippa Wilkinson (color background),FILL,ab3c503af2e50a882e5725944cab9daa7a14dd9b,4880:419112,
Avatar user square/Pippa Wilkinson (neutral background),FILL,af086d7c39495f3bd274bbb0bf5644b3545102c0,4880:419113,
Avatar user square/Olly Schroeder (neutral background),FILL,eaf8664ce575867ac020817179a406726e8d5b51,4880:419116,
Avatar user square/Mathilde Lewis,FILL,206cb500b0b5d933c56f1816a34f4e68010ae927,4880:419117,
Avatar user square/Mathilde Lewis (color background),FILL,6e4ac63a54b2cf81a991b144a50fe5596bcfa8b2,4880:419118,
Avatar user square/Mathilde Lewis (neutral background),FILL,aefa7720f700d50c7735a47caf0d418202160daf,4880:419119,
Avatar user square/Julius Vaughan,FILL,1073b30e7aaa231ede0c702bcbc9c88dbc564766,4880:419120,
Avatar user square/Ammar Foley,FILL,4808217e236e2cd0c1e302a56ac79688ea6d3bf9,4880:419108,
Avatar user square/Julius Vaughan (color background),FILL,c5b443a06d8b08718ab6485648fac225fdee932c,4880:419121,
Violet/300,FILL,cad2afe45a4242986ede773eedd32a84258898df,2685:403079,
Gradient/Gray/100 -> 50 (180deg),FILL,c20e558777183610130a88f03e4c3d25102d1fd6,4890:414762,
Avatar user square/Julius Vaughan (neutral background),FILL,9d08c10efb92433103120c84842859340cd27710,4880:419122,
Avatar user square/Joshua Wilson,FILL,fb777d67ad850fa6e8197fda410e379914a81a91,1033:628,
Avatar user square/Levi Rocha,FILL,bcb8d11a4eaaeb741e5164f0b2377d766eb57046,4880:419174,
Avatar user square/Ava Bentley,FILL,a8d430bbd59c1498d35265b039ef2f76248f8d1b,4882:419306,
Gray iron/600,FILL,fd7fc8136edf327d0af59e8c1ab5e48347a3de99,2685:402994,
Avatar user square/Florence Shaw (neutral background),FILL,773b7d809f1e4ad5c9e1dfd48a6b39251a179e36,4880:419149,
Avatar user square/Levi Rocha (color background),FILL,2c081348ef093f1ecf4c8dedda968cf654b7e1bb,4880:419175,
Avatar user square/Anaiah Whitten,FILL,89c79ef18d953cd781dd7226ced271d0cdba49c0,1033:631,
Gray neutral/50,FILL,9cdd1022750325c01349d49097f08e3199777bb4,2685:402976,
Avatar user square/Ashwin Santiago (color background),FILL,4df74a6baf70e526cdabd254ba23a47e16727eb4,4880:419151,
Avatar user square/Zahra Christensen,FILL,f388ed10682badffcd27358ee122da416596c118,4880:419177,
Avatar user square/Eva Bond,FILL,246226d240e62cd2227adc233f5a77c38bd2b2ff,1033:637,
Gray iron/700,FILL,607dc9aa62d50773bf8f9b7b959c7066313344e1,2685:402995,
Avatar user square/Ashwin Santiago (neutral background),FILL,92181af936fdd6e115a1398805e62526d0dd7cca,4880:419152,
Avatar user square/Zahra Christensen (color background),FILL,a0413520ca75e3e05b0c97ea0559b28a95d5c0d0,4880:419178,
Avatar user square/Noah Pierre,FILL,98d40d504194215b10d9a443f3a513a6ffac3b8e,1033:632,
Gray modern/900,FILL,7bbc2804edd98e18b8ee9672d0e740d41c512b51,2685:402974,
Avatar user square/Nikolas Gibbons,FILL,2d13203a617843a408163afe2f40fc7d2733a8f0,4880:419153,
Avatar user square/Zahra Christensen (neutral background),FILL,07b1d383ccf0ad3fe2ae48707eb2223c34b19c13,4880:419179,
Avatar user square/Eduard Franz,FILL,be5a790779f92ce245e4ebc3381382d609027d8b,1033:635,
Gray neutral/100,FILL,9c29d855c103fdf26f437fa3ec8ee5013bb1ffa9,2685:402977,
Avatar user square/Nikolas Gibbons (color background),FILL,156d827378937629616cef101689237f2516901b,4880:419154,
Avatar user square/Stefan Sears,FILL,9cc4ddd3c2ead77284cb5951c3127c0591afc1f4,4880:419180,
Avatar user square/Sophia Perez,FILL,75175d95ff7a838082ea8d84700dffbb13bb0be8,1033:638,
Avatar user square/Rene Wells,FILL,c4c5fe1a4975ea5765afca0a2b9d0894ca504b06,1033:629,
Avatar user square/Ali Mahdi (neutral background),FILL,c373fcb30306ab47f5901fb6738d50d04cd2cd1f,4880:419185,
Avatar user square/Zahir Mays,FILL,334196a10a4241006e70a3f4e066377cb137d791,1033:627,
Avatar user square/Riley O'Moore (color background),FILL,b0a62f40267a4d87ffdfc991430340e05212c6df,4880:419187,
Avatar user square/Lori Bryson,FILL,4212f3228e31c27c3b5654e00148957a3d283f65,1033:630,
Avatar user square/Riley O'Moore (neutral background),FILL,d773dfb25fa931457e6405b09ff92207808392c9,4880:419188,
Gray neutral/700,FILL,9022d342977957ee9296567454cf01af39dad84d,2685:402983,
Avatar company logo/Quotient,FILL,a9ad10c25d3ac30100853d77efb99745129444af,1212:103190,quotient.app
Avatar user square/Florence Shaw (color background),FILL,86c70d5dbeb8658271b34aece25fa585f439e23f,4880:419148,
Avatar user square/Liam Hood (color background),FILL,ff362e7304c577c7d317efb9b2f112aa2975ed48,4880:419190,
Avatar user square/Loki Bright,FILL,6a9201831ed8df1a303060c75c73d2530b91a433,1033:644,
Gray modern/700,FILL,ee0d0ad07c155a5972fcdba1a5a5704ed0d1cc7d,2685:402972,
Avatar user square/Nikolas Gibbons (neutral background),FILL,15572337d33f76dd86c952b2712c4582ea93dbe1,4880:419155,
Avatar user square/Youssef Roberson (neutral background),FILL,6c54847e86fb58ca442cf1e9f5a140e54a57ed36,4880:419197,
Avatar user square/Lucy Bond,FILL,afb13341524810805495816ae5b66cf89104f384,1033:641,
Gray neutral/25,FILL,618d9dbbab2f58a80a951096ddc611d9bb8c495f,2685:402975,
Avatar user square/Adriana O'Sullivan,FILL,a971d3d886ca74013fd3f70c3707ffb3cb542724,4880:419156,
Avatar user square/Ashton Blackwell,FILL,d92f6dcfa1edb8014ff1fbf2f29f90a9999a5adf,4880:419198,
Avatar user square/Alec Whitten,FILL,957de7483f0d8b36a4354b9e18e690685382e9b6,1033:636,
Gray modern/500,FILL,60dfca660123c3bcde1f11a2584571779ecebc4f,2685:402970,
Gray neutral/900,FILL,ead1ab12dbe13ec0c17ac75ee7ef80546f4cbdae,2685:402985,
Avatar user square/Mikey Lawrence,FILL,955074ed8d461ad8ea2c49da512990f7299e3161,4880:419141,
Avatar user square/Ashton Blackwell (color background),FILL,365932ff9e92882cbabba62ec8d7130d89626526,4880:419199,
Avatar user square/Lyle Kauffman,FILL,97d45d15feb1bc2321d8a1a0fb0b97baa8f6d6fd,1033:639,
Gray modern/800,FILL,286c89f685ed877e43f3b9d99e070cc3687c4e98,2685:402973,
Avatar user square/Mikey Lawrence (color background),FILL,6b23e8eb96fb1ba49491fece750a1a022831c0ec,4880:419142,
Avatar user square/Ashton Blackwell (neutral background),FILL,816dfa4a97a06b9a535541dec3f31baff88dc66e,4880:419200,
Avatar user square/Alisa Hester,FILL,644d60403fa34ac815f656486692ceaa78e1f296,1033:642,
Gray neutral/800,FILL,c2807ee1d90e982280fbfdb427c495c521831dbe,2685:402984,
Avatar user square/Mikey Lawrence (neutral background),FILL,d518f22ce388001e8de94fc8dd74567adadde18a,4880:419143,
Avatar user square/Cohen Lozano,FILL,0f4669d945d5f85eb84815b1d18e538b37618126,4880:419201,
Avatar user square/Aliah Lane,FILL,5699e04da4656febbd723b7303e46d7a5574f594,1033:645,
Gray modern/600,FILL,9d5dc98289a189f06660c34af5cf985aba93309a,2685:402971,
Avatar user square/Freya Browning,FILL,a768aaccc0e2aa3f737f86a413440d0fd53a6566,4880:419144,
Avatar user square/Cohen Lozano (color background),FILL,977a8bf5c821027bd9a895208a09c9439872780c,4880:419202,
Avatar user square/Kelly Williams,FILL,dda96347c5d796050f5715b5e43a92cf45d8486b,1033:640,
Avatar user square/Freya Browning (neutral background),FILL,30bf1b67ad46d23352dff130f37e222cf40859b5,4880:419146,
Avatar user square/Owen Garcia,FILL,bdae44ea3e40a06012a90ebd8e2ec840fd6df800,4880:419204,
Avatar user square/Anita Cruz,FILL,81b2ffb1bc1b2808d6f5a021c25b1c85b2c643a3,1033:646,
Avatar user square/Cameron Yang,FILL,8c468d74234aa6f9d2eb964740ad0c8f84adfcd4,4881:419219,
Gradient/Gray/800 -> 600 (45deg),FILL,be188286c601d77f62d05d426a807e4d96675540,1272:5917,
Avatar user square/Cameron Yang (neutral background),FILL,b85d25a113695d71841c3feeda773e96b5b26582,4881:419221,
Gradient/Gray/900 -> 600 (45deg),FILL,8fc72ec1ab01dad43d0c15fb54f47296f3b251c6,1272:5920,
Avatar user square/Noel Baldwin,FILL,d6e571fcc6650eb161d7185704e87012f33a7ca6,4881:419222,
Base/White,FILL,a860381a1cc513af123e67ac90e4cebc51cc4674,1:1030,
Avatar user square/Noel Baldwin (color background),FILL,5d607dc37ec19be9b3d9e232baaa8c69e28a8759,4881:419223,
Gradient/Gray/600 -> 500 (90deg),FILL,a5562676e596da87399bcc1187bb0a94ab41813e,1272:5915,
Warning/50,FILL,f3f58a9df7e9c2b3465488c6369ed0e617f401b3,1:1031,
Gradient/Gray/800 -> 600 (90deg),FILL,ddf333ab7e59030fb2dc7cfae136cb8bf65ca9d3,1272:5918,
Avatar user square/Noel Baldwin (neutral background),FILL,d3f0e218e1d6f38775141e167426860d24f2aa17,4881:419224,
Warning/100,FILL,b92712d4a9b90f0be85946e9180160f956ccd4d5,1:1032,
Focus rings/focus-ring-error-shadow-xs-skeuomorphic,EFFECT,eef9c0b7bfc0aaf1c29b32b135005cdcb253007d,7396:173836,"Used for focus states in destructive or error components that also require a shadow and a subtle skeuomorphic effect. For example, destructive buttons.

This can be replaced with focus-ring-error-shadow-xs if you prefer a flat style."
Avatar user square/Kyla Clay,FILL,61d5e8f7e3b0134a7c76fad39566fe86d5ebd613,4881:419225,
Avatar user square/Kyla Clay (color background),FILL,b61b39fdff422a76b58664f0bc1843089b4d022f,4881:419226,
Orange/50,FILL,4c265aafdb8acdccf374f6baca0b15573ae77a2c,1:1019,
Gradient/Gray/800 -> 700 (26.5deg),FILL,61906226910d250c04bdcccea20e873e57797139,1272:5919,
Avatar user square/Kyla Clay (neutral background),FILL,bf9f85e0b5164d1b9cc187bac2f18db3401f7449,4881:419227,
Brand/950,FILL,6e528f819bf92778ecb77365f4d5deccf1e1fd6e,5016:372043,
Avatar user square/Molly Vaughan,FILL,68598608144f442cc248de0cc845d7da2e3f14ca,4881:419228,
Orange/100,FILL,35fd2ac565f39282bd2427ffc5b643d95031544f,1:1020,
Avatar user square/Molly Vaughan (neutral background),FILL,539a9fbc29b4bd2745bb08cee11a329de194fd77,4881:419230,
Warning/700,FILL,d104a1fad21f247184c6b99104490c050cc23624,1:1038,
Success/950,FILL,56f9bbb595e59ffb64d9e1bd7f4ac4f4a830f870,5016:372046,
Avatar user square/Jonathan Kelly,FILL,1b76c1088a07a059424cd852d4935287e8a572a6,4882:419231,
Avatar user square/Jonathan Kelly (neutral background),FILL,7fe1ccf7144e2fe0715b2480cf698c58dc8b271a,4882:419233,
Gray modern/950,FILL,31e7f23454b488a62ebb71216113bf575e5b982d,5016:372049,
Screen mockups/Mobile/Mobile light mode 01,FILL,56b6bdab3ca3d9484220792c6d90419407fac12c,8275:147693,
Avatar user square/Amanda Lowery,FILL,16c8624771df9f378ad92959a802dc3104a3f492,4882:419234,
Avatar user square/Zuzanna Burke (neutral background),FILL,af6d8090472f484482cd11f13467b4ecae9cfb80,4882:419248,
Green/950,FILL,9bf61a7ba22cd7d022efda50a8b916c67f779f38,5016:372056,
Gradient/Linear/80,FILL,a84065fd22eb55388b2bc43b7fce7bd6b629d4b5,4890:415004,
Avatar user square/Kaden Scott (color background),FILL,115a22521b1905eca08503efa3a12b431bf49b30,4882:419253,
Gradient/Linear/81,FILL,620c9dbdf0884d9dba6aa2ddb227fb28a98c7920,4890:415005,
Gray warm/950,FILL,e7215fbec5b2f5a070ed0a089e6312d41dbced87,5016:372053,
Avatar user square/Kaden Scott (neutral background),FILL,4b527608e3fe73aa93404cbd3f9bc7b0ae2e0f5f,4882:419254,
Moss/950,FILL,fef9f6c8c33d49c85c8938fcef53c3caa14dd6f3,5016:372054,
Gradient/Linear/82,FILL,c1ad28d88d7b8cfd310b8883ae5f4eebd2da15aa,4890:415006,
Avatar user square/Adil Floyd,FILL,106b2ee19939174acf40fd2e412a80d4155ee1d6,4882:419255,
Gray iron/950,FILL,9e3577c4dc96006d6c6805b1215221567531d075,5016:372051,
Teal/950,FILL,f22462a3fe86d94903e9ecc401a4f4e9eae6d31b,5016:372057,
Gradient/Linear/75,FILL,b87d3c19ef4f0b4f1a65c012f63704aed3d504b3,4890:414999,
Avatar user square/Adil Floyd (color background),FILL,c44ef0f4b69016808c87b1b83c02da80da52f092,4882:419256,
Blue/950,FILL,ed63403efe404d4af365b1f1f42a1004603f1492,5016:372060,
Gradient/Linear/84,FILL,165e13082b7f4545a97e9fae39aee5b9151c058d,4890:415008,
Avatar user square/Adil Floyd (neutral background),FILL,37117004913816dd40c6ed7fb4fdc74bd380a310,4882:419257,
Gradient/Linear/85,FILL,656ac58b25fbbe4167da03ac3247c1e3080ac373,4890:415009,
Gradient/skeuemorphic-gradient-border,FILL,760b4bb658e69a4c4b607b71e291f15e61e50fb0,7391:365097,Used to create a subtle skeuemorphic effect in components such as primary buttons. This can be removed or replaced with a 1px stroke if you prefer a flat style.
Avatar user square/Marvin Robbins,FILL,9668789086579dca463d5904fa7dc680601cea4b,4882:419258,
Blue/25,FILL,77356fbe1d4357ffe3738bae507d239296e38d40,1029:63916,
Cyan/950,FILL,090c78f83aa71607cf6e1645fc201f546fd0965e,5016:372058,
Success/500,FILL,19e3dd6baad4643e7c1b71d290ec2fce86052c35,1:1046,
Gradient/Linear/86,FILL,70bb603b398d9996f38d46cb79a98633864a9715,4890:415010,
Avatar user square/Marvin Robbins (color background),FILL,af899e87c774f63c8b9f5b394a63eb65a19b9031,4882:419259,
Green light/950,FILL,2843183a1e14ac3cacf9b43ed4c19cd66f684a21,5016:372055,
Gradient/Linear/79,FILL,f71ffdca0ebf03a5fd25f1491cdf17b14e93d441,4890:415003,
Avatar user square/Marvin Robbins (neutral background),FILL,8969dcad5bb068d63cc3c175c902b400210f6f23,4882:419260,
Gradient/Linear/72,FILL,1ce3fb6d30298e1571d0eaa9a9eef6448ce6fe51,4890:414996,
Avatar user square/Belle Woods,FILL,f383f3b646cb61942bd7cd1ffaf9ef7386d80ef2,4882:419261,
Gradient/Linear/73,FILL,9ef06cc6c07e5cb0132bfc440ffb87d41181cc4f,4890:414997,
Avatar user square/Belle Woods (color background),FILL,d7b01361947b01f55bb34d96dcc7535422cbfc0d,4882:419262,
Gray true/950,FILL,fb096956d5253c20846cc40d61cebc181a388aa4,5016:372052,
Gradient/Linear/76,FILL,ca344a583277be58d05afcdc4a997c2be27717df,4890:415000,
Avatar user square/Sarah Page (color background),FILL,53f4db67986f9582a7e0632cde6521c2c0a32435,4882:419265,
Avatar user square/Amanda Lowery (color background),FILL,e107c8fe9f1ef33584beb79fd2bb3f65f6870b40,4882:419235,
Screen mockups/MacBook/MacBook dark mode 01,FILL,73baeb7ed2e345fcd05421cb82db114f7bcdb938,8275:147692,
Gradient/Linear/77,FILL,67d72618c288487e6d5b3653bf6f52d28f6b155a,4890:415001,
Avatar user square/Sarah Page (neutral background),FILL,5dd9d29f90bf5ea645d74227d45e7eb677559172,4882:419266,
Gradient/Linear/78,FILL,df847af30f7f29bde80a84dce171a0e17929e165,4890:415002,
Avatar user square/Aysha Becker,FILL,ac3007323e0b23288561efdcafbaa3ffa5bb14d9,4882:419267,
Gradient/Linear/71,FILL,c15b97c2dc59940ab2364ad82e3bcdf94f38a23e,4890:414995,
Avatar user square/Aysha Becker (color background),FILL,cd7a8ea5a09a8a2695245281a169c2e4090feb76,4882:419268,
Avatar user square/Aysha Becker (neutral background),FILL,915120614d667b1a32b400c5fbea5437bac20e8c,4882:419269,
Success/400,FILL,84b504d08efad1087c0b98cc9f8f8e0664d29fd7,1:1045,
Avatar user square/Blake Riley,FILL,d0c0753acab1f4f1e09ae5c2f9837a44b6d9cc15,4882:419270,
Success/700,FILL,58edbcd655c63c5f0323f8adf75af828e39a9e83,1:1048,
Blue/800,FILL,7bf3aa7f22130025c2fec6e4088804bb05c1b10a,1029:63907,
Avatar user square/Mollie Hall,FILL,191fc57f81c3bfe0d1317b726bd4b530973232d8,1033:634,
Avatar user square/Blake Riley (color background),FILL,80d3076daa765a4697271cd5c0a98a399d4bce76,4882:419271,
Gray (dark mode)/500,FILL,a41db1d102e569f723453139f9a5ef60ce6a1244,6671:366104,
Gray iron/900,FILL,b4cb7a6a62fde8aa54af1927a51d964b380a0959,2685:402997,
Avatar user square/Ashwin Santiago,FILL,7d1ae5fe8009f154956278848cb32e1f27a52d2b,4880:419150,
Avatar user square/Levi Rocha (neutral background),FILL,0a8299fe773b7e951e19de5737365f7baf959497,4880:419176,
Orange/950,FILL,0e66c5a5e88d4fa83aa3690adb838693195d40b4,5016:372069,
Success/600,FILL,88538a27e7fb96a4a0a339e63b776c07638b644c,1:1047,
Blue/900,FILL,98a480735d292e82c2b18f015c6e3dc88c8ea4ec,1029:63906,
Avatar user square/Blake Riley (neutral background),FILL,5b4c31d3fcecd782cb9e3f388d80e92d8892ee8c,4882:419272,
Gray iron/800,FILL,a1b7bc1d5f3c5b1eaa515b82d09be42f302a9389,2685:402996,
Avatar user square/Caitlyn King (neutral background),FILL,738a5935ac053b20baacd8907829acc930d276cf,4880:419131,
Avatar user square/Priya Shepard (neutral background),FILL,cf3016cd27443f051c0bbe7e2b4e9d6775118f58,4880:419173,
Avatar user square/Katherine Moss,FILL,056895ae72ee12fe1fd3f29f7a463b7192b4d86e,1033:633,
Yellow/950,FILL,6a8973611ac19f56d871b0bbd375738c10e42d7c,5016:372070,
Warning/300,FILL,e6fb363cf53f6878c7323a89d1cf066d1cf9d783,1:1034,
Avatar user square/Jay Shepard,FILL,a7271bdf063555705c80a5d59c885174ba46c157,4882:419273,
Display md/Bold,TEXT,d65cc5df3dc866001a123b227a139a92b2f454ca,283:15650,
Warning/200,FILL,6c0dffc01a0f1037598b267ba60426d86e4fc6f8,1:1033,
Avatar user square/Jay Shepard (color background),FILL,ab00c35e26c289f012ba5feb2ecc5b3a18433df6,4882:419274,
Warning/500,FILL,b7c4e71e388ad034179dc8ea9588cef977e50a4f,1:1036,
Avatar user square/Jay Shepard (neutral background),FILL,fb589acb1c49623e77219d4cf01a7006ceb420f6,4882:419275,
Warning/400,FILL,e0fb855c0a7975bf879465e07f394217d35ef186,1:1035,
Avatar user square/Rhea Levine,FILL,cfbd63137edefc1853ebc5ae6ef202e3b621cbbb,4882:419276,
Purple/950,FILL,b4ffcf6639eb2bc54ada54db597e718dfd571388,5016:372064,
Blue/200,FILL,6c1d7c26bebca9075fd495167a4e2d56047d8c93,1029:63913,
Avatar user square/Rhea Levine (color background),FILL,4cb3c64e2c881034b3234e695a8850373db7201d,4882:419277,
Gray iron/25,FILL,75fb8ddad37805e002e5d375fbca5a3ee18ef3ab,2685:402987,
Avatar user square/Lily-Rose Chedjou (neutral background),FILL,885a51de03fdba0a51c15eaa3162e25c2f6b6eb2,4880:419128,
Blue/50,FILL,3eefc84f5dee2f38cfc3464312e552dadbe6a379,1029:63915,
Avatar user square/Riley O'Moore,FILL,74b1c835e8a49c5044df65ce25e26fb3a55535e5,4880:419186,
Avatar user square/Koray Okumus,FILL,419913d2bd29f710f84a022c3f9435232acf5421,1033:624,
Gradient/Linear/87,FILL,6c06e8ca259f62a583771e67ed64d7c70002312e,4890:415011,
Blue dark/950,FILL,65c8818773e0f487513afacafc462cdf60b907c7,5016:372061,
Blue/300,FILL,e6fd9c0eb2984effa662c332453d553382cbf16f,1029:63912,
Avatar user square/Franklin Mays,FILL,937803cbd06649850d92d0fe74988b3304faa501,4882:419279,
Avatar user square/Rhea Levine (neutral background),FILL,9b83dba143362e274b75e775f4e8a362fbaea8d0,4882:419278,
Avatar user square/Ali Mahdi,FILL,a3458bd5852935f83221db3cbba367cd6a927e5e,4880:419183,
Avatar user square/Kate Morrison,FILL,65708ba2cce232b42470ef18cb842da9d1264467,1033:623,
Gradient/Linear/88,FILL,7a7d56a1d936b6ab4e5ae5b4ae02c63f967a9b60,4890:415012,
Indigo/950,FILL,18a78114397c0f0fea68a434a6fd70fa6c8b54d4,5016:372062,
Gradient/Linear/89,FILL,94412e6fc6f0da1c66cdac9ea4f0f7c1b15bd40f,4890:415013,
Blue light/950,FILL,5ff8662357287bdebfb93968bb881b9ca7b0b185,5016:372059,
Gradient/Linear/83,FILL,f5789dc5c42a2bbe722e53128e7564a6580a276e,4890:415007,
Blue/100,FILL,1574151c4c34df301dd2f82e8f5d81ed91f108a7,1029:63914,
Avatar user square/Franklin Mays (color background),FILL,c89693d073c0ca2e6e1a820c31bf0d42d77c42d4,4882:419280,
Gray (dark mode)/400,FILL,b88c8431fa2593170b552f8180b3f9afb4290593,6671:357281,
Gradient/Linear/90,FILL,b49b8f2f8ee7de6723804ed309d4f6c073258b84,4890:415014,
Success/100,FILL,0a69b7c20586d4067946a8cf8e61882608a00c98,1:1042,
Blue/600,FILL,ac86b3761d44f935ccf4e0f99afd8ced2192558b,1029:63909,
Avatar user square/Franklin Mays (neutral background),FILL,93b95f485d2b7702a4e0675db58475d793697fab,4882:419281,
Gray true/50,FILL,1a02d7cf8753764c8ab511eab4253a44f3ef1e78,2685:402999,
Avatar user square/Fleur Cook,FILL,5536e5d16aa1949aa3b8f9b0ac901384fc934ca9,4880:419132,
Gradient/Linear/91,FILL,da8dc1ee556af83ef374773b59f6ebad83bafe95,4890:415015,
Rosé/950,FILL,039efe92e4738c6ab01fd1b34902d76db0a26aaa,5016:372067,
Fuchsia/950,FILL,ffabe89985033d8004b9863f10b0a259f3e73200,5016:372065,
Success/50,FILL,1eb4ee81636a1cd4fdacb42995eb38b3ea0c9b2a,1:1041,
Blue/700,FILL,cd88114383e57b47f7e0ebead5ec464ab168b4d0,1029:63908,
Avatar user square/Kelsey Lowe,FILL,0ce2e0bbf660774fe03b39ca31794baf31f147e3,4882:419282,
Gray true/25,FILL,a297076a9e6dfd9d979465e3b2fa1d958412c7c0,2685:402998,
Avatar user square/Caitlyn King,FILL,eb4023a1f92f179f8fdf684cbbcade452146ab4a,4880:419129,
Orange dark/950,FILL,0b09c2f5e0cee08ac523719e91cbe04d927d939b,5016:372068,
Pink/950,FILL,2bbecd8b359cef8063f235c8782bcf12ab7fe11f,5016:372066,
Success/300,FILL,73a917b1091dfd5cd8d93ff12b5ba96d0d212f51,1:1044,
Blue/400,FILL,130c197d5aa78fed6d910d49f0eb15cc8cca2063,1029:63911,
Avatar user square/Kelsey Lowe (color background),FILL,f1942a1bfc8c9c8bc4e7652fad4994225f620a01,4882:419283,
Gray true/200,FILL,794e9c56e650c240e15302aa1b918efde0a24d30,2685:403001,
Avatar user square/Caitlyn King (color background),FILL,67625e06af8775cc252b62bdd44f6dfea264ba3b,4880:419130,
Violet/950,FILL,f7944456201ae70374e835aca3c74380995f7146,5016:372063,
Success/200,FILL,ceabbcfaabc5af6117f7edbac28f3a7aed74a06d,1:1043,
Blue/500,FILL,418023a7ac6123eb6d43f42d92bbe9c4d67a9f3b,1029:63910,
Avatar user square/Kelsey Lowe (neutral background),FILL,1d77039afdcc056671b9ea7ca6e5466682c34fc3,4882:419284,
Gray true/100,FILL,febbf999bc50d199d1f12c7acb8bbc6236e53c62,2685:403000,
Avatar user square/Lily-Rose Chedjou (color background),FILL,fab9b9683769c0b0817428319712c30fd5c0e30f,4880:419127,
Avatar user square/Abraham Baker (neutral background),FILL,c399b7a3343ba5b4e8ec7d2198a53f94eb99a21a,4882:419317,
Avatar user square/Sally Mason,FILL,9061f703b742ae4735072b4518f953ec2fd15b01,4882:419318,
Avatar user square/Sally Mason (color background),FILL,7979b1a5d09dfb4ee0fb212db0c132cd3102a466,4882:419319,
Avatar user square/Sally Mason (neutral background),FILL,449b193c45073f1f3db8c111bf9335edcacb8f0c,4882:419320,
Pink/300,FILL,39d772832a8ffe689818357499996a3f246b3679,1:1114,
Avatar user square/Jayden Moss,FILL,274646aabe0a4d5ff5e2912934b796958d1be6e4,4882:419321,
Gradient/Linear/01,FILL,0b9b998d9a26762f870e795aa59129886f9cc21a,4890:414927,
Pink/200,FILL,acae71be837e70ef19acd7fa48a8bb874912aedd,1:1113,
Avatar user square/Jayden Moss (color background),FILL,997be68d549baec94298e5b16f5383d4c20176c3,4882:419322,
Pink/500,FILL,4ad34ae91bd1a56bd0b4897f388e858f0ee76206,1:1116,
Avatar user square/Jayden Moss (neutral background),FILL,de3e7aca0e85adcc819249b998cd76cfc1692cc0,4882:419323,
Pink/400,FILL,aadda83974577ebba30315cf41196902937db814,1:1115,
Avatar user square/Isobel Fuller,FILL,8708e1664b6a2ef5fef2b45a009df8833ade3698,4882:419324,
Avatar user square/Isobel Fuller (color background),FILL,a47527d8b6aa3fa813a1f9c9d230c6bcda0b1d19,4882:419325,
Avatar user square/Rayhan Zua (neutral background),FILL,9e1e7e17a25ef1d4697416df86b5f0981ab0e559,4882:419341,
Pink/700,FILL,d0a0adca8b95cdce40bdf9e20847f8e85c3017e1,1:1118,
Avatar user square/Nic Fassbender (color background),FILL,cdb2e3060b376de9975c1761d1098bf8b4f5267c,4882:419342,
Pink/600,FILL,a22f12401defff0388e34cb30b772f6b44781a1a,1:1117,
Avatar user square/Nic Fassbender,FILL,9619825cfa973c7f7180ead35f4f708a15f78355,4882:419343,
Pink/900,FILL,6cb7c0266c21ab05dbb72ee699cee797eef7c085,1:1120,
Avatar user square/Nic Fassbender (neutral background),FILL,e30e601bb1a649be71038c1c776945eaf24d5880,4882:419344,
Pink/800,FILL,f2ac896897589baecc9d1bd492114dc47e108bba,1:1119,
Gradient/Linear/03,FILL,f22ae598bf07192280b49fbba91c53703d496638,4890:414929,
Avatar user square/Ammar Foley (neutral background),FILL,b24f49f04b0e46f2ebc56bb6db737242b018b867,4880:419110,
Gradient/Gray/100 -> white (180deg),FILL,2c32a82db7a66a1940d6a4fce9cd0c15300525a7,4890:414915,
Avatar user square/Zaid Schwartz,FILL,dee413409fb468cdc1ca6d3fb485619c40a0a091,4880:419123,
Avatar user square/Natali Craig (neutral background),FILL,de148043f0bfaf2272ccd79ab1a574a0c6f15a2a,4835:409887,
Gradient/Gray/200 -> 25 (180deg),FILL,0b081e8b07a8825eeb7bd39e0e5528d86eaff306,4890:414916,
Avatar user square/Zaid Schwartz (color background),FILL,501128a391e04961ddd800ed36abad2756cd409b,4880:419124,
Avatar user square/Candice Wu (neutral background),FILL,a593dc333b3f5c5c8a354d74c6633e00872b67a5,4835:409886,
Gradient/Gray/100 -> 25 (180deg),FILL,b1bb66d12ef8467c8bb43a46f02005e175776171,4890:414917,
Avatar user square/Demi Wilkinson (neutral background),FILL,88a436cfd70d43c2ab44e758cbe1d15f7bfc15de,4835:409885,
Gradient/Linear/04,FILL,579dac64a90a5d06192799aa8ed6dd69edcedae5,4890:414930,
Gradient/Gray/200 -> 100 (180deg),FILL,31eb91f126313cdecf0f2f6aead8cb7b3841f9a2,4890:414918,
Avatar user square/Olly Schroeder,FILL,0b9793e0b884d732130bebb68b21886c31144d97,4880:419114,
Shadows/Portfolio mockups/shadow-overlay-right-lg,EFFECT,d05bbe2a0e53bb00dd6131d33c3cc60269bb62db,1595:258486,Used for portfolio mockup layouts.
Gradient/Gray/50 -> white (180deg),FILL,348fb81f87412b543624f8974042a157cd978cf3,4890:414919,
Gradient/Linear/02,FILL,522c31999152aceef6c0a4521dfc0d0ded7a7b54,4890:414928,
Gradient/Linear/24,FILL,d8192abd749cc01f46a361071b6fd867892794be,4890:414949,
Avatar user square/Cameron Yang (color background),FILL,8cda66b34d7e438703de15c2c3bbfc5cd2937359,4881:419220,
Warning/600,FILL,f2a79eaf5c348b61eb92548603b0d90294444926,1:1037,
Avatar user square/Molly Vaughan (color background),FILL,642d1e315881b392064f718d3fd418a0f5a65800,4881:419229,
Gradient/Linear/25,FILL,8f6cc455f49bde40b2ce3e8397e56cebd625d207,4890:414950,
Gradient/Linear/40,FILL,74a072d3e83a15500b6c7ccfd6e9e3422f03ec89,4890:414964,
Gradient/Linear/41,FILL,c1dba8084396015ee02a5809d27e45f20c3ce22e,4890:414965,
Gradient/Linear/42,FILL,49c13d35db4533dd1b02e1d813548292c77ea385,4890:414966,
Gradient/Linear/59,FILL,556d4c10c0ad5be39c6d489ca31ec3abd411d97a,4890:414983,
Gradient/Linear/61,FILL,76d57efd1671dcdaf4fcad81395324ff74637398,4890:414985,
Avatar user square/Maxwell Tan (neutral background),FILL,cd46908a4001c15cf4044928ff4e827e1bdeb8da,4882:419242,
Avatar company logo/Untitled UI,FILL,002693932fa35a297adc942e650baf6814fc204b,1719:450806,untitledui.com
Gradient/Linear/63,FILL,dfeb5f9bb925ee404d4063ae5bf04be9afb2e4e6,4890:414987,
Gradient/Linear/64,FILL,f7ef1bd7b5106b86f059fc3973c810f99bfc8ca9,4890:414988,
Gradient/Linear/65,FILL,ce4e3a2a7332fbb17bef527c83b964a34ec2c527,4890:414989,
Screen mockups/MacBook/MacBook dark mode 02,FILL,d8ef2a16b4ff9c997c74bc855b55087fc083316b,8276:86340,
Gray (dark mode)/800,FILL,ba5ece063b2fe4882c606d5f6db1c4f508023e2e,6671:380800,
Gradient/Linear/67,FILL,1cfb24435f63bda56698ac148e001fbb4a9313a0,4890:414991,
Gradient/Linear/68,FILL,b0e422930c3f3e509869150a6f7d5a0aa5dbda33,4890:414992,
Gradient/Linear/69,FILL,5efa6bc1265e247016347db74d4a326873f19859,4890:414993,
Avatar user square/Leyton Fields,FILL,bac0dbf9ef6cac53a77b9214b0715bcc08674e6b,4882:419345,
Avatar user square/Leyton Fields (color background),FILL,d800540b547146b99e4cca22fec2c2fa616d37c6,4882:419346,
Avatar user square/Leyton Fields (neutral background),FILL,1a3f58860ccb8c17f1f2beb92ca7bafaada0c70a,4882:419347,
Green light/50,FILL,5f09f1879c77b7262f6ca5f5317e8b60ece5e4d7,2685:403032,
Gray (dark mode)/300,FILL,6a641187f36e6ef6e15fb54b4a9457a67a453b26,6671:354010,
Avatar user square/Nala Goins (neutral background),FILL,d0062fd06c2cf94e7940ace4c0e5b8d35f021c26,4835:409916,
Gradient/Linear/60,FILL,2ffb071e66b1a004bc4da6fa0fc76cc015dc38e9,4890:414984,
Avatar user portrait/Sara Woodman,FILL,ae35028569d8bcb90c4fb94eb7372ff8de5ab1ef,1497:244413,
Avatar company logo/Shutterframe,FILL,12072c172d53fc1ba54cc70f54fc2f5b5a55ad71,7539:1197,shutterframe.co
Gray modern/50,FILL,fdada13145008263b803d90e408395afeee5f009,2685:402965,
Avatar user square/Bec Ferguson,FILL,6fdcd663997ac9cb0ec5752b4aea964307e11f33,4882:419348,
Avatar user square/Belle Woods (neutral background),FILL,55f3f7c1e096554c41245789e160853997faf557,4882:419263,
Gradient/Linear/74,FILL,dd25cd4209eaf961907fe70831675a8b1cc77869,4890:414998,
Moss/500,FILL,b2fe967778cc4b5d03d7e4d3c73f5c169ca15d38,2685:403026,
Avatar user square/Anita Cruz (neutral background),FILL,c1690d23e2b27681375a0f65fa28dd609db5e96c,4835:409914,
Avatar user square/Jordan Burgess (color background),FILL,a9d7f94c2d08fff69da42d41663726f968696105,4882:419334,
Moss/800,FILL,1ff4ded247a185578e7b33683e1152932b55011d,2685:403029,
Avatar user square/Aliah Lane (neutral background),FILL,85437147a73032a15e997581c0f99f361523bd6d,4835:409913,
Avatar user square/Jordan Burgess (neutral background),FILL,58e35d28125fb31b74001c7b3619ff78f71fd26d,4882:419335,
Moss/700,FILL,4004ad9f9ba5e1f31784a9e3e396c9b16abe22f4,2685:403028,
Avatar user square/Loki Bright (neutral background),FILL,ac64b0f210de088db2053c5c1e36258524543ef6,4835:409912,
Avatar user square/Bailey Richards,FILL,8e48b12bd978607e415096203e268f5a98add9b8,4882:419336,
Gray true/700,FILL,40dcda6d171ff3ef0bfefa9bf11eb60de63952d8,2685:403006,
Avatar user square/Alisa Hester (neutral background),FILL,ca3eba6726675d1d109196c1a1af062ce252195a,4835:409910,
Avatar user square/Elsie Roy,FILL,9113389c503cedc84b90f620077343c8538ebb39,4882:419243,
Gray warm/25,FILL,900560d431e6dfeb7733087a5d3f6de797acfae5,2685:403009,
Avatar user square/Lucy Bond (neutral background),FILL,f10b12c560632a511b40e211891523431e8bf39c,4835:409909,
Avatar user square/Elsie Roy (color background),FILL,9f21b2f03a0a327fc837317e51824c018f02ac7d,4882:419244,
Moss/600,FILL,94f330cb4ee1591ca5a1a785540099915341863f,2685:403027,
Display sm/Semibold,TEXT,a601b573a19b66be1922c07bea318c2f09988c71,1:1123,
Avatar user square/Kari Rasmussen (neutral background),FILL,2e2544dae2f2fb16186e2c69e9b010851afb3f3f,4835:409915,
Gradient/Linear/53,FILL,2835c922c7704964e544e54c1f1ce4cf4076af42,4890:414977,
Screen mockups/Desktop/Desktop light mode 01,FILL,b95956b8af1483c2507554b2d38b95683cfe63fb,8275:147234,
Avatar user square/Sarah Page,FILL,c4d3bf1ed4977499ae56d7a69175801a15c419ea,4882:419264,
Avatar user square/Maxwell Tan (color background),FILL,bc37baf777bdd55b436260ec3a83c65a5e0650f6,4882:419241,
Gray true/800,FILL,0c7ccac97407a5287b69b46616053c3629751358,2685:403007,
Avatar user square/Rosalee Melvin (neutral background),FILL,da76aaa2bac6b0ec3acdc013520a20a7ae96b2cd,4835:409911,
Avatar user square/Jackson Reed (neutral background),FILL,419b38c514e2c9a12e7cf290e4daa12c031fd494,4882:419329,
Gray neutral/950,FILL,bf890b68040984713ebb65457cefe9a869218f3b,5016:372050,
Avatar user square/Courtney Turner,FILL,bd3163e78be54498cec9f73b548a0be7685f5de3,4882:419330,
Gray blue/950,FILL,db2f78a4ea84772951fd626b9b17f2c3250bce7f,5016:372047,
Avatar user square/Amanda Lowery (neutral background),FILL,e0443c9a278af7e4e146565752912cf312fe4922,4882:419236,
Gray neutral/300,FILL,66e32a45e7bf5f3cfd5006057bf4336b6ba31947,2685:402979,
Avatar user square/Amélie Laurent (neutral background),FILL,801928fd1d37bc5d5c3001387b1ce49bece687ae,4879:419103,
Avatar company logo/Powersurge,FILL,102cdf46ea24c2d33762e3abbd5e1097d9bd35a3,7575:184455,powersurge.io
Avatar company logo/Refractional,FILL,ea6091371ced59ae41324f85f18a54ebfc4bb78e,7539:1193,refractionalhq.com
Avatar user square/Brianna Ware (neutral background),FILL,90b7fac35fdab7f0c5e41d172552c86c3fff4138,4880:419194,
Avatar user square/Nala Goins,FILL,1ba7693953dec03c4faeb2c5a84e07201094f786,1033:648,
Avatar user square/Courtney Turner (color background),FILL,b5239e69f4cd8116b34d34ef071d8c05bc9793da,4882:419331,
Moss/900,FILL,56720cf1bad6929a3c418f58b9d1cc4eac1de4de,2685:403030,
Avatar user square/Zaynab Donnelly (color background),FILL,cfdd15c585b9f05c95f70d03364e051201354f44,4882:419355,
Gray neutral/200,FILL,a1d1fa29a97cd143e79b977a902b19659f890a4b,2685:402978,
Avatar user square/Amélie Laurent (color background),FILL,0c14d582bf37ca8499e2b25b7880817e9f8f34ff,4879:419102,
Avatar user square/Liam Hood (neutral background),FILL,cc2edb844824f89a0f3dabc8f30969ecb0bf7443,4880:419191,
Avatar user square/Kari Rasmussen,FILL,0a6a77d67b1177463db1fd8a0b948c629455db9b,1033:647,
Avatar user square/Courtney Turner (neutral background),FILL,d7fca51fea93ed020e68022f75006378323ea0ff,4882:419332,
Gray (light mode)/950,FILL,fac146e41f6722572692fbe8a5715b6981a101e8,5016:372042,
Error/950,FILL,f1d9922dd508602247cf3fc090b16a9f92db4770,5016:372044,
Green/600,FILL,f1b792ef7802ebac414361e999673c4807d8923d,2685:403049,
Avatar company logo/Leapyear,FILL,eb6057f91c7af473cf4281502899c902d7b85339,7539:1171,leapyear.app
Avatar company logo/ennLabs,FILL,afb0a7ca52dedfc1ee9549e3f6f28808d451b8bf,7537:623,ennlabs.io
Green/100,FILL,ef6348cc9a5d9f20be9212aa49a7cc7bbda88d00,2685:403044,
Avatar company logo/Elasticware,FILL,fa0ee4b6a413cb6127f7ea44e2575e9c178a1360,7537:622,elasticware.app
Avatar company logo/Ikigai Labs,FILL,a3cea3308bda3a1eea91abe25351ef0178a9f552,7539:1166,ikigailabs.com
Green light/700,FILL,e65d9d0a960620c960529eca011805ca477399c7,2685:403039,
Avatar company logo/Luckycharm,FILL,6c0673b50a5112e582f3f7c6da6a0911c96e4b02,7539:1173,luckycharm.io
Gray (dark mode)/700,FILL,2692fd1adb9d80e1855610ec522833bce89b157e,6671:370293,
Avatar company logo/Foresight,FILL,8e6c682c0785c270a648cbce8876338be1ff8cc3,7537:629,foresightai.com
Avatar user square/Owen Garcia (color background),FILL,b0f0aebadcc3ad3919911ea32367fd810e7d8fdd,4880:419205,
Avatar user square/Isla Allison,FILL,e747f349f639a9dfec0749e3af6ed662da414b8e,4880:419207,
Avatar user square/Kelly Williams (neutral background),FILL,d7914d582167e328b636b38087022908b5477765,4835:409908,
Gray true/900,FILL,ae405d654593906a9006f580574b203cc9606862,2685:403008,
Green/400,FILL,5d55184174549bd70b4ab1cc0b99503a818dff7b,2685:403047,
Avatar company logo/Hexsmith,FILL,94d0a16cc6719a4bff68a16c8c7f6a8c09dd3518,7539:1165,gethexsmith.com
Avatar company logo/Eightball,FILL,b935dc7f952c83d021abe5d6bae1ea184e424dbc,7537:621,eightball.co
Display md/Regular,TEXT,b46e53d30c9ebf9e4c37d384a485278f56c4a3c8,1:506,
Map placeholders/Map light mode 02 (landscape),FILL,42da0cd4a78f7708194ae9052d762e87a004210b,8291:431396,
Green/25,FILL,27097f1e5255078785304be7e9df0b878fbb4c20,2685:403042,
Avatar user square/Genevieve Mclean (neutral background),FILL,6e8d401e42f25a17949c21ce7f0921803b461758,4882:419359,
Avatar company logo/Flora&Fauna,FILL,7c218773d8ea9a7726a35f8eccf61aa88aa0c900,7537:628,flora-fauna.com
Green/200,FILL,ebb5d40169ccf1705fc606aa2d908ba30c1c4b44,2685:403045,
Avatar user square/Adem Lane,FILL,20ab31ee9852243f6b813f9e83165d18d0931c0b,4882:419360,
Avatar company logo/ImgCompress,FILL,02cde14324e72d9e4f7a898f6ab86e46bb1577bf,7539:1167,imgcompress.app
Avatar company logo/Europa,FILL,45d1fc06905f5a917a7a899180e0654145633b89,7537:627,europatools.com
Avatar user square/Elisa Nishikawa (color background),FILL,0b896ce6973e51d7f258ff9242738c6b0b656486,4880:419211,
Gradient/Linear/39,FILL,7ebecf7c6ba72574ce897a3cce44c4ac82d7f53e,4890:414963,
Gradient/Linear/70,FILL,bdc6a6836a68b84bf84054ef98723a2e3a436df8,4890:414994,
Avatar user square/Brianna Ware,FILL,4cb1cdf1f7a654124ce32afa05ac89d82a62bd0e,4880:419192,
Gradient/Linear/45,FILL,4d71cf28269eb0d3d9d8c6dea107d3e8097f70dc,4890:414969,
Avatar company logo/Goodwell,FILL,c6bd823ff16b6f9701e938c8def4da3f7ab8f396,7539:1163,goodwell.app
Avatar company logo/Convergence,FILL,68959f96a234f9eb19c93bf974b4df1dc418beaf,7537:615,convergence.io
Gray modern/25,FILL,a2b141524ea79bb03e7711f90739c735c32d7a07,2685:402964,
Gray (dark mode)/100,FILL,080ec773528fc64ca9dd553399c8850b4d94d304,6671:349574,
Gradient/Linear/17,FILL,8f4f9bdc75589ee3bd31d619b6319bffda17845a,4890:414943,
Avatar company logo/Pagemanage,FILL,3e4620b76d3fabdd0e1b515fe6a0899d2f0950da,7539:1182,pagemanage.app
Avatar user portrait/Rich Wilson,FILL,ba4019113e9c693478806abce7aa37ee152ad5a2,1497:244387,
Avatar company logo/EasyTax,FILL,f20df395949928c1cbb779cd57c95a5e689e8c5f,7537:619,easytax.co.nz
Avatar user square/Isla Allison (color background),FILL,b611a00f52f73f1d1c1d7e4ec6150f84abb51728,4880:419208,
Gradient/Gray/200 -> 50 (180deg),FILL,1d80f9808b2efb25485da8face212e5bf1becb2c,4890:414914,
Green/800,FILL,9b66b38f9080b7a5b399a31535edb4c20817a5e2,2685:403051,
Avatar user portrait/Megan Sims,FILL,08aabae5d7c1eb24b5d3d330405548914b40263d,1497:244393,
Avatar company logo/CoreOS,FILL,f2a07134c38ef04fa870627496f19bef3878b1bc,7537:617,core-os.com
Gray (dark mode)/950,FILL,712d2a14c8db2fdf4ba3f72e411425610a9e6606,6671:389511,
Avatar user square/Liam Hood,FILL,ac4cd1daba9f1c795fc5ca990aca9804f1724de6,4880:419189,
Gradient/Linear/46,FILL,962d3c874c5759de7f01a6cd8c55a1a439bf21a3,4890:414970,
Green light/500,FILL,e36b9931454d1982a7634ccc8f0d33346870de9c,2685:403037,
Avatar company logo/Luminescence,FILL,8ff08eea242c31da94a3c8d63d7fbe0974d87a2a,7539:1175,luminescence.co
Teal/500,FILL,9a92292068b93185079b5afb1d47eef5b93ffcaa,2685:403059,
Avatar company logo/Chromatools,FILL,53f1ca7b0e7408272cc7d7c73db715a895786a0a,7537:609,chromatools.io
Avatar company logo/Mangolia,FILL,e88b16a268e69f5612a2284f2df9ab10be3773cc,7539:1177,mangolia.io
Gray (dark mode)/600,FILL,e72b6dabaadb0a1c952efd55ad5ddd40e717eb03,6671:369641,
Avatar user portrait/Harley White,FILL,b3bed72dc3f9e4d78ece79f8b6251571c0a3ef76,1497:244398,
Teal/600,FILL,2ffd6929962bdd87fb8bcf9c497eedc89af6f443,2685:403060,
Avatar company logo/AlphaWave,FILL,deeb7e598f1d56a619612c25ccfe155e26b51b18,7537:606,alphawave.io
Warning/950,FILL,b3fae5b5e9ef6973b8d51329312f1eb5082f87bb,5016:372045,
Cyan/800,FILL,55b19d0f05ce74fbd0b3dced6cac4fed45030d29,2685:403073,
Avatar user square/Abraham Baker (color background),FILL,2dde3afaabd9523f7ab384a3cf52f9d78a455169,4882:419316,
Avatar user square/Harry Bender,FILL,da1dcb3238d91c95d0ea9f012c60bea81bc377cb,4880:419216,
Green light/600,FILL,15db0eaaa58200187a68785e0061e5443246b851,2685:403038,
Avatar user portrait/Evelyn Harrison,FILL,512d9eb9bbee66847599b942178f0d9ce3a3ffa8,1497:244400,
Avatar company logo/Lightspeed,FILL,b1103a0c00d8f684711b3335e650937cd2df8fd4,7539:1172,lightspeedapp.com
Avatar company logo/BuildingBlocks,FILL,7338c140c5ef43df11f3d75fe9afaef8e191db79,7537:607,buildingblocks.io
Screen mockups/Desktop/Desktop dark mode 01,FILL,9745d846b6f7d7cb8d5643ce417f3d5888a90084,8275:147295,
Green/500,FILL,e7d83f23c7c1db8a03b0e9e01a95bc06a1a9d78a,2685:403048,
Avatar company logo/LaunchSimple,FILL,fd820ad11b6ecbee416446520cc5e23b259d2745,7539:1170,launchsimple.co
Avatar user square/Erica Wyatt,FILL,f2591aae7fef89e080ab48fc47a91419e6aa7c35,4880:419213,
Gradient/Linear/54,FILL,7b919190fc60a792777c986561f9283f2e7f3721,4890:414978,
Green light/800,FILL,10263d753c7da7b7c41878716ad63dbb6ddde8c2,2685:403040,
Avatar company logo/Mastermail,FILL,1e7358077ec3c8c15b654e1f24b51e4fe4fd02b0,7539:1178,mastermailhq.com
Avatar company logo/Clandestine,FILL,d7d8d4c913cb3916211b3cab58c995dc5492181a,7537:610,getclandestine.com
Gradient/Linear/44,FILL,590d2f4c6e5330c9d70a040fbfa3f363074dd32e,4890:414968,
Avatar company logo/Cooperative,FILL,e4dc1b4a2cbac6fe101c6b32793d968549230dba,7537:616,cooperativestudios.com
Shadows/Portfolio mockups/shadow-grid-md,EFFECT,16acaf0e34c2cff42b7ea44a4859698f24acbd46,2057:536626,Used for portfolio mockup layouts.
Green light/400,FILL,b6da07d626481979b4422f0ef462121aecabacdd,2685:403036,
Avatar company logo/Luminary,FILL,0a88e332cea17861d38ea6fda249a74b61b129a4,7539:1174,luminary.com
Avatar company logo/Fourpoints,FILL,1e76b821aac6d91a937384f93d2c925124d7aaa5,7537:630,fourpointsapp.com
Green light/300,FILL,493e57140342224231e584be8bd0fa3ace9f7d96,2685:403035,
Avatar company logo/Kintsugi,FILL,c8c3003de2638121ea36d052f8c232e35e536013,7539:1169,kintsugi.co.jp
Green light/900,FILL,61dd44970c80fe45ac03ae3c65766f9cf6d53cc6,2685:403041,
Avatar user portrait/Amelie Cooper,FILL,d31f292df93d2ab7c999d0d0745121bed3002e09,1497:244399,
Avatar company logo/Frequencii,FILL,2df57641e6e4f1b126cdaf4f6e5917b98fa960e0,7537:631,frequencii.com
Avatar company logo/Norse Star,FILL,d82699694f61ffb0e043002528de9dd4203e39e2,7539:1179,norse-star.com
Teal/400,FILL,4214bea18b36606bdb57719b31313f17a979063b,2685:403058,
Avatar company logo/Codecraft_,FILL,9bb0bee10715934f57035fb11178746ce4ac5301,7537:612,codecraft.io
Avatar user square/Elisa Nishikawa,FILL,7343a569a1408bf56d5b067d71aa3894faa7f50d,4880:419210,
Green/300,FILL,47aef5b29bf35d8acbe95a2f0c02414a15ca36e1,2685:403046,
Avatar company logo/Hexahedron,FILL,b38207b9b073ccf5873762a781cefca83680546c,7539:1164,hexahedron.io
Avatar company logo/Ephemeral,FILL,2328b22a4720c458255dac6f5e088b67d619f40d,7537:624,ephemeral.io
Map placeholders/Map light mode 03 (landscape),FILL,0f9f4df9eece464f6dbd3be8b050fbcc2b7d8621,8291:431398,
Avatar company logo/Euphoria,FILL,1812ccdbf089576071158b98c3dafaf5d789c969,7537:626,geteuphoria.com
Avatar user square/Erica Wyatt (neutral background),FILL,498028aa026f01704c93f8cfacab558bc5239ba7,4880:419215,
Gradient/Linear/52,FILL,4bdf03132c7d533e42f2a3ebd107f2bd4e137412,4890:414976,
Avatar user square/Harry Bender (neutral background),FILL,35246d760fa25bbd560f898a7febff8a8df99e5e,4880:419218,
Gradient/Linear/51,FILL,fc888ce2026f440888dd5a95ee13380214b1e1e0,4890:414975,
Avatar user square/Brianna Ware (color background),FILL,33222b93b9048e80c04b93d4a77c476cb4d28520,4880:419193,
Gradient/Linear/50,FILL,48000425f0ab3a29cb1321f9165699eb804efd04,4890:414974,
Avatar company logo/ContrastAI,FILL,f289b56d0021477dcd25f3f36ae38f4e2f937658,7537:614,contrastai.com
Avatar company logo/OdeaoLabs,FILL,4e08b987403352b30a0ae94b3f685590c5da0892,7539:1180,odeaolabs.io
Avatar user square/Youssef Roberson (color background),FILL,6ffa0a31b7cd18df81991a0f399202028dcef923,4880:419196,
Gradient/Linear/49,FILL,492bb12257e26bac696da44f0a58d2bbf3ddea7c,4890:414973,
Gray modern/200,FILL,00d0ca0188ee3cd004689664721fe7fd6704f6b1,2685:402967,
Avatar company logo/Ollio,FILL,a325557c2d15501bfefe9aa0f0433478775b57e4,7539:1181,olliohq.com
Avatar company logo/PictelAI,FILL,6914d7a90de884d975a28a786b3ae2a08949c6fd,7539:1184,pictelai.com
Avatar company logo/Pollinate,FILL,f4c20fdbd080fe7f6f8920a07f6559c653cfe35b,7539:1185,pollinatehq.com
Gradient/Linear/43,FILL,a826bf30c79e39bce4e7734c21a05d60a3afb31c,4890:414967,
Gradient/Brand/900 -> 600 (45deg),FILL,c2700d0fc4b1339b33c326908bd99000b38bc1e1,1259:271,
Avatar user portrait/Johnny Bell,FILL,6f3e67219abfe4264dee381561f1388e3dc6628b,1497:244389,
Avatar company logo/Constellation,FILL,a970cd27c5dd971e2c55db2ca197271e277a9192,7537:613,contellation.org
Avatar company logo/Prometheus,FILL,d3fea7e33d04625e162871cfaf3718f72c102987,7539:1187,prometheus.io
Avatar company logo/Cubekit,FILL,56806f49fe725d8fc5027144b3101038afcae83c,7537:618,cubekit.com
Gray cool/400,FILL,5ebc553ed438f5bcdc1980aa511669c37c2273db,2685:402958,
Avatar company logo/Quantum,FILL,1fc672357417dfbd1c3daca3aa5d6f27f97f98c2,7539:1188,quantumtool.com
Avatar company logo/QuartzAI,FILL,579f05dba4b2ff1827cb5b3bb1c7cfee36e0520b,7539:1189,quartzai.io
Avatar company logo/Calescence,FILL,009d516097a0ac9578a74c8a640c164534bd051d,7537:608,calescence.com
Avatar company logo/Quixotic,FILL,590d45974d8d83eee3e27850e225cf365e62afc1,7539:1190,quixotic.co.uk
Avatar company logo/Radius,FILL,5fda214dbaa7f35080b546a929c61922eb9b214c,7539:1191,radius-design.com
Text sm/Regular,TEXT,7b91bba6b00a4831984250aab5e3596d061fabcd,1:500,
Map placeholders/Map dark mode 01 (landscape),FILL,446bfc22cee201fadbbbd2cb33d528a5e4f47a06,8291:431394,
Avatar user square/Youssef Roberson,FILL,639c8b687078edfe920fe9f8a4b094584923c874,4880:419195,
Gradient/Linear/48,FILL,2e9200831109f5c991c22b2a86c2717456ca5b67,4890:414972,
Map placeholders/Map dark mode 01 (portrait),FILL,4a623b446abddcc5fc76d1acca4c2464c5f81b14,8291:431395,
Gray cool/600,FILL,0e2e4a299bfe893505f551c2a9e1c373e2466118,2685:402960,
Avatar user portrait/Alisa Hester,FILL,f8917071205adaa9641c7015a01223fea2b0dbf2,1497:244386,
Shadows/shadow-xs-skeuomorphic,EFFECT,69f2c2a83fa82966f30dd3c0709fb4fb9a2d37f9,7395:8771,"Used to create a subtle skeuomorphic effect in components such as buttons and tabs.

This can be removed or replaced with shadow-xs if you prefer a flat style."
Screen mockups/Mobile/Mobile dark mode 01,FILL,f5f315fd811313c8f2a1c22ec9b74638330fee67,8275:148798,
Avatar company logo/Renaissance,FILL,c08068dbbd5a354e3d9daf099854a1e79cc5f326,7539:1194,renaissance.vc
Avatar user portrait/Mollie Morgan,FILL,662ee105d882815971a17eef2323485b7e693885,1497:244409,
Avatar company logo/Stack3d Lab,FILL,2fd2dfdf13a34063221afbc63e70cc34627ef568,7539:1201,stack3dlab.com
Avatar user square/Erica Wyatt (color background),FILL,3fa9a976928076532d9776ff987e9a81bd55b03d,4880:419214,
Gradient/Linear/47,FILL,738e8611380a3af52b00cd55996c1ab20b79c572,4890:414971,
Avatar company logo/Solaris Energy,FILL,9b22bbe8dd728389a7355e7d51aee23d9a690dc6,7539:1199,solarisenergy.com
Avatar user square/Kaitlin Hale,FILL,9d913b89398e8bcf807155a05330382da2a1eab3,4882:419237,
Gray cool/700,FILL,765461177bd44af7f9d48fe4bab7d9fd1533b068,2685:402961,
Avatar company logo/Screentime,FILL,5e07c2a2217a7fce1edfb144c1f1bea48e28a295,7539:1195,screentimeapp.com
Avatar user portrait/Heather Kelly,FILL,5c1583542cc2c6a971b6ed3f4fddd29f2df24466,1497:244410,
Avatar company logo/Visionwork,FILL,6d17ae22e4943599a018d7b20725dd27dcd059d2,7539:1202,visionwork.app
Gradient/Linear/62,FILL,cdde0bf7678bf193a135f883164891dce7616a0d,4890:414986,
Gray cool/25,FILL,8159956d1518de6aeb3eadf362a7deb5a8d6158f,2685:402953,
Avatar company logo/Voxel Labs,FILL,aff7cc6e1622e4422101fdb493f1f2db92729f9d,7539:1203,voxellabs.com
Map placeholders/Map light mode 03 (portrait),FILL,586817b6746d1d9b2b5b87dec4eeb731df02d3e5,8291:431399,
Gradient/Linear/19,FILL,21a5fc23d9f5f466537a71ae70a7c69154705765,4890:414945,
Avatar company logo/Warpspeed,FILL,6da25fca03ea276109f080f1ae17e9cb2a0662c9,7539:1204,getwarpspeed.com
Map placeholders/Map light mode 01 (landscape),FILL,1ab2a875e76addcb93aa258dd410a9181667ba02,8291:431392,
Gradient/Linear/18,FILL,6ae915dcf2e163794f1d535dec5cc73e6da4721d,4890:414944,
Avatar company logo/Watchtower,FILL,b3e470a128229f51ab59569eb3b76ace9f4f6702,7539:1205,watchtowerhq.io
Text xs/Regular,TEXT,d510d29ccc2298d20940e7f03dcce4a8ecbde27b,1:499,
Map placeholders/Map light mode 01 (portrait),FILL,29b99c29f281588cd4fc0da83b7c98b1bebdf4eb,8291:431393,
Gray cool/950,FILL,52314031da5d75f1fda2a581fbdfc62ac921cf01,5016:372048,
Avatar user portrait/Josh Knight,FILL,13df7453f6724cc26beec88d35b9e4827f8d38cf,1497:244406,
Avatar company logo/Wildcrafted,FILL,1ceeab756302d51deecc4bc862c9859c36c72dab,7539:1206,wildcrafted.co
Avatar company logo/Peregrin,FILL,1d5aa3108c6f94c8cba3df327fcc5e2bd68e715b,7539:1183,peregrinapp.com
Map placeholders/Map light mode 02 (portrait),FILL,a487e9e97d32fcd5778d3dec6f14826d925fc2f9,8291:431397,
Gradient/Linear/66,FILL,29715653aa21aa405854ba523cfe6ff369d10591,4890:414990,
